Time,V1,V2,V3,V4,V5,V6,V7,V8,V9,V10,V11,V12,V13,V14,V15,V16,V17,V18,V19,V20,V21,V22,V23,V24,V25,V26,V27,V28,Amount,Class
167621,1.2587,1.0591,0.0176,0.548,1.3139,0.9864,-1.2823,-0.3758,0.4348,0.088,0.1476,1.3494,-1.4707,-0.5956,-0.314,-0.9946,-0.7667,0.2533,1.1491,-1.2345,0.5635,0.8837,-0.1213,0.6857,0.0393,-0.4627,-0.6872,0.6459,172.63,0
69342,0.5683,-1.5145,-2.6199,-0.6069,-0.9158,0.876,0.6643,-1.2191,0.8474,-1.0022,-0.0862,-0.2939,0.1144,0.8186,0.6384,0.3499,0.6499,0.4785,-0.627,-0.7174,-0.47,0.4993,-0.2501,2.3358,-0.8193,-1.0989,0.7685,1.4218,82.54,0
99471,-0.2848,2.2605,-0.2668,-0.6517,-0.7695,1.5273,1.7438,0.6394,0.3433,-0.9527,2.0222,0.8931,-1.4513,-0.6518,0.2736,1.1438,1.0745,-0.9511,0.3419,0.4288,-0.0392,-1.2438,-0.0198,-1.0575,-0.8205,-0.4751,0.5456,-0.0092,247.26,0
12351,0.3702,-0.4412,0.8096,1.2753,-0.8103,-0.5612,-0.9257,-0.6367,-0.0113,1.2694,1.4125,-0.5344,1.5633,1.3704,0.0094,-1.7109,-0.4474,0.7033,0.044,0.0676,-0.2782,-1.5704,1.6679,-0.2977,-0.4738,-0.0229,-1.355,-1.3602,254.32,0
52143,0.9721,1.3894,-1.6837,-0.4253,-0.0332,-0.0064,-0.0891,0.1772,1.8536,-0.8851,0.4208,-0.7469,1.9169,0.7302,0.3999,-0.1385,-0.3773,0.0333,0.1134,-1.7002,0.7858,0.82,-0.7467,-0.2416,0.7297,-0.7536,0.296,1.2093,365.24,0
52730,-0.2328,-0.9819,-0.4568,-0.8522,0.8851,-0.6463,0.0048,0.3637,1.2596,0.1674,-0.1021,-0.0634,-0.0912,-0.3362,0.2303,0.1038,-0.5817,1.0514,-0.2052,1.1343,-1.5547,-0.3912,0.9685,-0.8826,0.0498,1.1307,-0.3714,0.2454,329.83,0
92876,-0.995,0.5182,-0.1961,-1.483,0.453,-0.0452,-0.7453,0.5229,0.4881,-0.5775,0.4004,1.0151,-0.7127,0.3809,0.0028,2.266,-1.8623,0.6953,-0.3062,-0.1002,1.9016,-0.0086,2.2409,-0.4421,0.3505,-0.4908,-0.6907,0.0625,201.12,0
15370,0.0336,0.0565,-1.7645,1.4519,0.1794,-0.7997,-0.5333,-1.5291,0.3064,-1.4404,-0.6467,0.0543,0.07,0.34,-0.0317,-0.3532,-0.1248,0.2955,-2.2203,0.3261,-0.3357,-0.0665,-1.9501,-0.096,0.3409,0.1566,0.6572,-0.7761,470.86,0
149336,0.0319,1.3433,-0.7627,-0.7107,-1.0521,-0.6104,0.6199,-0.2696,-0.1557,-0.7219,-1.1838,0.9089,-0.2694,0.8292,0.0045,-0.3881,-3.475,0.9322,0.39,-0.0096,0.1801,0.7641,1.884,-0.8399,0.6972,-0.6607,1.0376,1.5849,352.07,0
160347,1.8048,-0.1837,-1.4602,-0.2685,-2.1821,-0.7795,1.6323,1.2431,-0.1906,2.0912,-0.0277,-0.5806,-0.1363,0.6741,-0.8404,1.2728,0.7149,-0.9471,-0.0154,2.1852,1.3467,0.4451,0.1436,-0.2637,-0.2654,0.4582,0.5889,-0.0752,221.48,0
112115,-0.4519,-0.1819,1.4422,-0.5187,0.1605,0.2182,-0.8636,0.9287,-0.2643,0.1248,-1.5342,1.7479,0.281,-0.0496,-0.9488,1.1796,-0.4658,-0.8099,-1.8956,-0.7489,1.6414,-0.2723,0.6565,-0.3306,0.9372,1.5295,0.4562,0.9246,90.5,0
87080,0.2082,-1.0088,-0.786,-1.4278,0.0068,0.5889,-0.2959,-0.9363,1.0948,0.2718,0.6976,2.1276,-1.0863,1.5019,0.4905,-0.5137,-0.5401,-0.8514,-0.0678,0.3732,0.1358,-0.9201,-1.506,-0.0891,0.4979,-0.746,2.0167,0.3533,131.35,0
152198,0.7639,-0.1832,0.8296,0.6724,-0.1166,-0.8598,-0.9401,-0.7407,-0.9845,0.8658,-0.0466,1.5701,2.2793,0.0242,-1.548,-0.3815,-0.0753,-1.4884,-0.2505,0.2869,-0.4594,-0.7684,-0.7588,1.7867,-0.1596,-0.8299,-0.3729,0.9543,201.8,0
77504,-0.6149,-0.2188,-0.4974,-0.8402,-0.0072,-0.6183,-0.9261,-0.4294,0.4274,-0.7361,0.4346,1.7007,-0.6912,-0.5478,-1.4013,0.5367,-1.7725,-0.1246,1.5803,-0.4075,-0.4428,-0.6867,-0.716,-1.1911,2.0522,1.3645,0.0818,0.8583,403.47,0
38627,0.7406,0.1146,-1.9233,0.3029,0.9281,0.4571,-0.4509,-0.4787,-0.3862,-1.1022,0.0552,1.46,1.6664,0.0581,0.0596,-0.471,-0.5545,0.2819,1.1662,-0.3154,0.7197,0.235,0.6397,-0.9001,0.4712,-1.4074,1.3415,-0.1022,475.07,0
116017,-1.2111,-1.0364,-1.8835,-0.0566,-2.0373,-0.632,-0.0452,-1.1338,-0.0435,0.7524,-1.1053,-1.2968,-1.3914,-0.1873,-0.0618,0.3968,-0.1773,0.7763,-0.5287,1.1288,0.468,0.5541,-0.54,-1.4695,0.9411,0.4018,-0.9999,-0.2743,104.21,0
110138,-1.317,1.0968,0.1873,-0.066,0.9582,-0.8924,-2.3668,0.3447,-0.299,0.9482,1.4769,-1.1964,-1.5821,-0.3874,0.6583,-2.0319,-0.7962,0.059,-0.9884,0.0894,-0.8729,-1.5615,-0.3095,-1.891,2.4587,-1.3609,-2.1293,-0.4637,296.35,0
7104,0.9142,0.5325,0.4243,-0.4702,-0.0568,0.8887,-0.8709,0.2548,0.5874,-0.5542,0.9976,-0.3158,0.5733,-0.9707,-0.002,-0.3271,0.6803,-0.212,2.2815,1.0495,0.2431,0.0628,0.0326,1.9117,-0.5339,-0.5099,-0.4861,0.0815,473.93,0
121905,-0.5328,-1.6213,0.6752,1.1888,-0.0064,-0.4932,1.0909,-2.345,0.1775,0.1433,-0.5709,1.3916,0.9707,-0.2612,-0.0867,-0.388,-0.5121,-1.3082,1.3799,1.028,0.7982,-1.0943,2.0808,1.9802,0.1881,-0.9042,-0.8664,0.4185,253.47,0
89451,1.0406,0.0829,-1.0641,0.0656,-1.3659,1.6056,-0.5579,0.1442,0.5437,1.0861,-0.8099,-1.1215,1.5108,-0.8353,-1.824,0.4092,-0.7373,-0.4842,0.0661,2.3347,-0.1979,1.0768,0.0039,-1.2989,-0.4453,-0.7886,-0.8861,0.0317,244.29,0
93015,0.27,-0.8713,1.1352,-1.0617,-0.0235,0.1409,0.4008,-0.1356,-0.2165,-1.1377,0.0785,-1.5297,-0.7069,-0.9221,0.1178,-0.426,0.2724,1.5099,-0.4565,1.2385,-1.2131,0.2058,-1.4773,0.7469,-0.7573,1.3615,-0.0997,0.7544,61.21,0
50484,-0.6598,1.5103,1.4585,-0.465,0.5883,1.5289,-0.2212,1.3162,0.0864,-1.345,1.8766,-0.231,-0.2711,0.9066,-0.5061,1.4853,0.2137,0.218,0.783,0.2793,1.3383,-0.4905,0.0082,-0.4652,0.8156,0.063,-0.9046,0.1217,482.78,0
66185,1.0625,-0.4125,0.443,-0.9098,1.2592,0.6325,0.5365,0.1879,-0.7856,-0.3274,0.5018,-0.0192,0.1237,-1.3598,0.1811,-0.6919,-1.0833,-0.1547,-1.8565,0.6986,0.852,-0.0534,-0.9938,-0.9454,-0.1511,-2.4237,0.1805,0.6644,330.55,0
41171,0.0806,1.2647,0.5678,0.8531,-0.4189,-1.0459,0.8071,0.1679,-0.4045,1.9398,0.6574,0.3153,-0.1616,1.7627,-1.5254,-0.9652,0.159,0.4675,0.0895,0.5609,-0.0543,0.5513,1.6508,0.6492,-1.542,-1.0486,0.9463,-0.511,234.88,0
79715,-0.7427,-2.273,-1.1669,-0.0035,0.2496,0.1381,-0.8029,0.3654,-0.001,0.4377,1.8472,-0.4507,-2.1853,-1.1169,1.4937,-0.004,-0.035,0.2844,0.0444,-1.1268,-1.2913,-1.8133,0.5537,1.2058,-0.7705,-0.8716,0.777,0.5016,167.32,0
27420,0.5604,-0.6974,-0.2858,-0.7735,1.7253,-0.6188,-1.0474,-0.341,-0.3485,0.8121,0.9998,-0.1895,-2.965,-0.2727,-0.6856,-1.0461,-0.5512,0.3342,-1.0857,1.283,-1.1915,-1.1977,0.3632,1.209,0.9648,-0.4713,-0.1625,-0.4822,486.6,0
159612,0.4796,-1.4981,-0.0618,0.154,-0.5975,0.3899,0.2666,-0.412,1.3653,-0.4717,1.318,1.9127,-0.4065,1.5097,-0.9898,0.5812,-1.088,0.1919,0.3998,0.513,-1.3437,-0.9683,0.2489,0.2877,0.2787,-1.9433,-0.9422,1.4873,134.32,0
672,-0.1725,0.8243,-3.1545,-1.9178,-0.566,0.0369,-0.8932,-0.2209,-1.1862,-0.4013,-0.8468,0.244,0.5814,1.4329,-0.6564,-0.318,0.0477,-0.2949,-0.052,-1.5622,0.3718,-0.9152,-0.957,-1.5881,1.161,-0.1406,1.1495,0.2723,295.5,0
26309,0.7579,-0.7657,-1.0903,-0.1794,-0.177,-1.0119,-0.3261,-0.4785,-2.59,0.5027,-0.8114,1.3044,-1.1501,-1.5796,1.1876,-1.5851,-0.6362,0.5973,-0.3296,-1.6555,0.188,-0.1943,1.2839,0.5886,3.0357,-1.6459,-0.0217,-1.0667,50.12,0
166133,-0.1315,-0.4411,0.4232,0.7299,0.871,0.1602,0.8842,0.3254,-0.6784,0.3157,-1.2881,0.7943,0.264,0.5615,-0.7586,-0.6235,-0.4786,-1.0714,-0.6299,-0.3628,-0.7184,-0.8454,-1.0684,-1.8552,-0.8041,0.1784,-0.3751,-0.1131,472.67,0
154028,-0.7774,2.4367,-0.4047,-1.0281,-1.2354,3.6366,0.2871,-0.3783,-0.693,0.6396,-0.4406,1.4863,1.8648,0.2587,-0.1012,0.0776,1.1484,-1.3015,2.1675,-0.3628,-0.0574,-1.8906,1.4174,-0.9904,0.2242,1.7855,0.1257,0.6372,126.06,0
172800,-0.2283,-0.492,1.1514,0.8056,1.7092,0.4322,0.9319,0.1983,1.4867,1.6116,-0.4804,0.9183,0.5347,1.6741,0.6811,-0.6687,-0.7977,-0.009,1.1332,1.9036,2.4572,-0.8988,-0.5657,1.9408,0.3757,-1.0594,1.4911,0.7633,113.58,0
104179,1.7689,-0.369,-1.176,1.3209,1.2355,0.1083,-1.4349,0.419,-0.6214,-1.1708,1.0434,-2.1326,0.5672,0.4594,2.051,0.3252,-2.0584,-0.8361,0.0647,0.3556,0.9808,-1.9597,-0.3299,0.9699,1.544,1.861,-0.3902,1.0976,49.5,0
140914,0.7237,0.8278,-0.7899,-1.4472,0.9828,-0.3471,-0.0281,-0.5787,-0.3929,0.2327,-1.0219,0.0685,0.2461,-0.0774,-0.7436,0.7866,1.8726,-0.6012,1.2345,0.8893,-2.6533,-0.7612,-0.6358,0.7818,0.1885,0.4744,0.6363,-0.8989,331.72,0
168218,-1.7035,-2.0459,0.8557,0.2815,1.7543,-0.1234,0.5227,1.8079,-1.2524,-0.4439,0.2811,-0.672,0.2689,-1.7424,-0.6637,-0.4571,2.9463,-0.2967,-1.7332,-0.4475,1.5467,1.2784,0.6369,0.6938,0.3188,-1.2946,0.7815,0.0777,64.25,0
110352,-1.6326,-0.27,-1.7157,0.258,-0.4789,-0.0399,-2.4109,-0.0582,1.6841,0.4706,0.8142,-0.9006,-2.4897,0.672,1.0595,0.4259,-1.2406,0.8822,-2.1889,0.134,0.3675,0.1829,-0.2865,-0.2319,-0.2217,1.3986,-0.8463,-0.2653,497.32,0
139082,-0.3304,1.1399,-1.6071,0.7538,1.0975,0.9604,0.9103,-0.8799,0.7037,-0.7933,0.7884,-0.6683,0.4715,-0.8917,-0.1106,-0.8587,-0.2937,0.7087,1.4595,-0.438,-0.4317,0.0704,0.9141,0.5434,-0.0328,-0.9651,0.2406,0.2566,478.36,0
147241,-0.245,0.448,-0.8965,1.1771,0.0036,-2.0128,-0.4753,-2.5852,-0.7517,-0.5491,-0.6104,-0.3253,-0.3941,-0.5937,1.5025,1.2149,-1.1418,1.2539,-1.6214,-0.8146,1.5252,-2.2396,0.5748,-1.2535,-0.144,-0.1802,1.6972,-0.8106,134.46,0
47294,-0.247,1.6773,0.8192,-0.4401,0.2323,0.5052,-0.2088,-0.3172,-0.1515,-2.6673,1.0309,0.6703,-0.7833,0.7716,0.4749,0.7221,-1.0732,2.1266,-1.7055,-1.1783,0.9369,1.3895,0.3926,0.1269,-0.984,0.3675,-0.8088,-0.6445,108.57,0
134308,0.8004,0.6952,-0.3124,1.4737,-1.478,0.1244,0.9624,0.2823,-0.1008,-0.0726,-0.2187,0.6532,0.4999,0.5833,-0.0587,0.1099,-0.0117,-0.6215,-1.1383,1.0662,-1.8931,-0.0031,0.1338,-0.3629,0.1899,-0.2245,2.2384,0.2648,431.19,0
150931,-0.9192,0.4376,-0.5265,-0.6375,-2.153,1.4626,1.1449,2.1418,-1.4818,0.3795,-0.6925,0.8175,0.8417,0.6602,-0.3281,0.237,1.137,-1.2028,0.3088,1.7102,1.2563,0.6539,-0.6445,-0.1255,0.1526,-0.9174,1.3907,-0.3737,74.7,0
26949,0.4015,0.5275,-1.3521,-1.0138,-0.3493,-0.5176,0.167,-1.1554,0.0472,-1.6885,-2.1551,0.7167,-1.3053,-0.5599,-1.4174,-1.4089,-0.3989,-0.4101,0.9826,0.4495,-0.2611,0.7577,1.1166,0.4113,-0.4063,1.0186,1.7685,0.6605,39.29,0
23670,-0.8922,-0.7866,-1.2366,0.2951,0.5525,-2.0541,-1.7318,0.5659,-0.5095,-0.7185,-0.5652,0.0872,0.4326,0.1772,0.7392,-0.5433,-0.2635,-1.1555,0.3528,0.667,-0.9947,0.4101,-0.582,-0.0838,-0.5688,0.5844,-0.7636,0.4929,299.35,0
165383,-0.2221,-0.295,1.2484,0.8428,-0.3415,1.5672,-1.2055,-1.8119,0.6299,-0.6436,-0.4793,-0.2743,-1.5377,2.1215,-0.3173,-0.9457,-1.9501,-1.326,-0.3556,0.905,0.474,-1.7693,-0.9041,-1.6475,-0.1072,-1.5171,-1.4214,-0.2379,212.28,0
94851,0.8539,0.0982,0.8718,-0.2762,0.0662,-0.6496,0.5803,-0.0001,-0.4999,1.6893,-1.2444,-0.0602,-0.0872,-1.2197,-1.0747,-1.7397,-0.9945,-0.911,0.3575,0.5207,-0.4921,-1.3108,1.3085,-0.9177,0.9162,0.258,-0.502,-2.595,305.69,0
117683,0.0742,0.7357,1.7109,-0.3757,0.5408,-0.3727,-0.566,-1.1703,-1.5951,0.6246,0.2078,-1.1639,-0.5187,0.2909,0.4235,1.2949,0.2286,-0.2344,-0.9561,0.1172,1.4441,-0.6325,-0.5135,-0.0515,0.5109,0.2973,-1.1398,0.3758,415.69,0
24042,0.6688,-0.2341,-0.8841,0.2804,0.3262,0.0552,-0.7333,-0.0092,0.9688,-0.0333,2.2752,0.4072,0.77,-1.2274,0.1399,-0.5258,-0.4322,1.8315,-0.1817,-0.5156,-0.3009,-1.0488,0.4061,0.0134,-0.0706,1.8969,-1.5367,-0.4866,264.36,0
29146,0.1206,-0.7267,0.5321,0.5115,-0.8972,-1.0701,1.7574,0.7319,-1.2393,0.0013,-0.8838,-0.9646,-0.1629,-0.8136,0.9328,0.0092,-0.5816,-0.2767,-0.5985,-1.0603,-1.5857,1.9021,-1.6901,-0.4805,-0.2025,-0.0097,0.2088,-0.2132,194.05,0
97858,-0.0042,0.1809,0.2204,-0.8928,-0.1505,-1.3987,0.2196,-1.6153,-0.1492,0.2616,-1.7566,-0.5225,0.7881,1.549,-1.504,0.3399,-1.2359,-1.3453,1.5961,0.6682,-0.8042,0.219,0.6419,0.1813,2.2473,0.6058,-2.993,-0.2902,271.97,0
66404,1.4049,0.3291,-0.4478,1.9397,1.395,0.4321,-0.2605,1.7733,-0.9325,0.39,-2.3264,0.9256,-0.3413,0.5451,-0.3407,-0.8942,0.2306,-0.7532,0.9127,0.5215,-2.9562,1.3773,0.3529,0.7557,0.7126,0.5357,-0.3074,1.0423,359.11,0
43684,-0.3439,-0.8649,1.949,0.5313,-2.1311,2.8362,-0.4299,2.7644,0.374,-0.127,-0.6171,-0.7226,0.476,-1.4313,0.5308,-0.1623,-1.3603,-1.0908,0.3642,0.0809,0.1702,-0.9399,-0.9592,0.8689,-1.1907,-0.9248,0.9152,-0.3049,381.78,0
150450,0.6201,0.7279,-0.3182,0.7431,0.2221,-0.0563,0.4723,1.1115,0.4285,-0.2588,0.2438,-1.5413,0.3037,1.3419,-1.2518,-3.4084,0.1663,0.5139,0.5502,0.2762,-0.7837,-3.3447,0.9718,-2.4315,1.4794,-0.1251,-0.3178,-1.2231,145.89,0
78631,0.9381,-1.2682,1.279,-0.6283,0.3233,-1.1477,0.4844,0.4627,1.1364,1.3541,1.2535,0.2089,-1.2262,1.3238,-1.3041,-0.4387,0.7371,0.4436,1.5931,-0.0041,-1.6901,-0.2753,0.1741,-0.3506,1.4125,-0.2476,-1.4358,0.4668,172.91,0
144520,-0.4046,-0.4878,1.0408,-0.224,0.2859,-0.1796,0.4097,0.4054,0.451,0.7588,-0.2329,-0.8917,1.9781,-0.7702,0.4306,-0.6257,-0.8364,-0.9493,0.6,0.6012,-1.1557,-0.2468,1.1661,2.0788,0.8303,1.2086,-0.2501,-1.3401,421.42,0
147749,1.9302,0.5111,2.1256,1.1899,0.1033,-0.7773,0.3176,1.2637,-0.1828,-0.1676,0.9627,-0.8067,-0.5328,-0.6599,0.0584,1.8139,-0.9135,0.6117,-0.2207,-0.5435,-0.9641,0.5651,-0.299,0.4699,0.5654,-0.6706,0.9179,-0.0692,199.96,0
97134,-0.4717,-0.0445,0.0265,0.5106,-0.5237,0.1716,2.2905,0.7539,0.6841,-0.7842,2.0978,-0.5011,0.9048,-2.1471,-0.1171,-0.6382,1.7909,2.7965,-2.011,0.4255,-0.4344,0.0072,-0.866,0.6872,0.077,1.321,0.7752,0.2447,299.16,0
171510,-0.3838,-0.7251,0.4763,0.0245,0.5223,0.5845,-0.6757,0.7589,0.3111,0.0909,-0.8783,-0.3594,-0.2374,0.9593,-1.2025,0.3878,0.6368,-1.2437,-0.4022,-0.3372,0.7936,0.5517,1.2731,-0.1059,-0.3707,0.4173,-0.8103,-0.6081,21.09,0
10201,0.5865,0.6827,-1.0901,0.1815,-0.9454,-0.7454,-0.6484,1.216,1.5966,2.6055,-0.0566,-0.8414,-0.9695,1.6075,-1.5384,-0.317,-0.5661,1.75,-1.0133,1.1017,1.3134,-0.1668,0.4655,-1.5387,-0.0882,-0.215,-2.5796,0.4154,391.67,0
151643,-1.4123,-0.7493,-0.5292,-0.3064,-0.9581,-1.0079,0.3065,-0.4752,-0.1068,-0.2297,0.4572,-0.1543,0.8615,0.103,0.889,1.2471,-1.4605,0.922,1.7828,-0.9725,-0.0319,-0.3572,0.4408,0.52,-0.6693,1.3126,-0.8567,-0.1383,87.42,0
139756,-0.5127,0.7823,0.22,-1.5824,-0.9552,-1.2048,-0.5033,-0.4168,0.0279,1.2777,0.4225,2.6531,-0.2434,0.7893,0.4144,1.5066,-0.3787,0.8453,1.6291,-0.7208,-0.0749,0.5043,-0.4348,-0.8752,1.8327,-0.2297,1.7341,-0.5084,145.94,0
75400,0.3899,-0.1124,1.2975,-0.6713,-0.0116,-0.6939,0.3741,-0.7018,-0.7365,-0.3024,1.2714,1.0414,0.0217,0.3221,0.592,-0.4013,0.0495,0.4569,-0.5466,0.99,-0.2279,-0.4938,2.6931,-0.6105,0.7953,1.2181,0.8316,-0.7745,325.62,0
75299,-0.6231,1.2993,0.3625,-0.2367,-1.1059,-0.5559,-0.3949,-2.3158,0.5305,-0.3217,0.4592,-0.4192,2.9983,-1.6573,-0.9331,0.7052,2.3585,-0.9924,1.8292,-0.917,1.2934,0.0754,2.23,1.782,-0.6477,2.9357,-1.1242,-0.3136,469.34,0
132176,-0.6414,0.1306,0.4525,0.3872,-0.7457,0.1969,0.6374,1.504,0.3282,-1.253,0.0284,-0.6206,1.319,-1.6754,0.5597,-1.0654,1.2721,0.7712,0.2193,0.5049,-0.3369,0.6758,-0.0496,0.7312,0.0586,-2.4812,-0.5137,1.5175,6.71,0
171359,-0.4665,0.5671,-0.5527,-0.9731,0.8179,1.2838,1.8522,-0.9717,0.1904,-1.5192,-1.5297,-1.8189,-0.4756,0.5224,1.0999,-0.3019,-2.8792,0.8369,-1.0907,1.1097,1.4366,-0.8767,0.5998,-1.7701,0.1124,-1.5061,-1.4503,-0.9965,263.23,0
138457,-0.1155,-0.3864,-0.3284,-0.1401,-1.134,-0.35,-0.5114,-0.2513,-0.5714,1.0691,0.5052,0.4524,-0.3784,-0.2179,-1.8149,-0.1185,-1.149,0.3461,-0.3323,0.0925,-1.7632,0.4247,-0.1678,-0.99,0.6712,-1.5129,-0.2683,-0.1438,172.92,0
16714,-0.3408,-0.0902,2.3026,-1.8042,-0.81,0.1436,0.2298,0.4881,-1.0185,-1.2554,0.9437,-0.2185,0.8465,-0.6884,0.8446,-0.4845,2.2589,1.2465,0.3767,-0.3788,0.321,-0.3866,0.9983,-0.0449,1.933,1.9909,0.8536,-1.4471,489.27,0
121373,-0.5798,-1.1119,-1.8247,-0.3711,0.0144,0.9217,-0.3778,2.3237,-0.0765,-0.4833,0.3806,-0.9706,0.2089,-2.0641,0.6761,0.0667,0.2106,0.1548,-1.2738,-0.8986,1.5664,0.4946,-0.5973,0.4211,0.4077,1.9545,1.1104,0.4112,145.34,0
151023,-0.5663,1.2253,-0.4113,-0.7772,-0.1777,0.5269,-0.3779,-0.5973,-0.1107,0.337,1.9514,-0.6542,1.1915,-0.7397,-1.0497,0.5167,2.3473,-0.4129,-0.8327,-1.5454,-0.4344,0.9424,0.5752,0.7835,0.0314,-1.1323,0.4943,-0.6864,354.08,0
121379,1.1055,-0.6562,1.2505,-0.2566,0.4965,0.5567,0.4169,1.381,1.7113,-0.9099,1.3424,0.8814,0.2889,0.7361,-0.6271,-1.2058,0.4526,-0.4605,0.1179,-1.6009,-1.0654,-0.4129,0.6139,-0.658,0.1694,-0.0469,2.3614,-0.984,59.54,0
125546,1.3248,-0.7898,-0.2879,-0.9631,0.059,0.879,-0.2311,1.0965,-0.5104,-0.6907,-1.3164,1.5985,-1.7611,0.382,-0.2921,-1.6681,-0.2878,0.6093,-0.1178,0.2823,1.0803,-1.2397,1.263,0.1292,-1.3783,-0.8039,-0.1852,0.6344,115.78,0
149366,0.5883,-1.0185,-0.8573,-1.2548,-0.0854,1.8547,1.4011,-0.2993,-0.6059,0.0358,0.1698,-0.5849,-0.2147,-1.1375,1.0834,-0.6234,-0.2187,-0.2706,1.8931,0.4085,1.3982,-0.5015,0.0928,-1.027,0.3985,-0.6063,-0.036,-0.1306,253.36,0
97832,1.3235,0.5283,2.0209,-0.8911,-0.0961,-0.1499,-1.0085,-0.2069,1.5917,0.1679,-0.8014,-0.183,-1.547,-0.0215,-2.1481,1.0014,0.9617,2.0195,-0.7339,-0.1133,-0.5568,-0.5214,-1.0861,1.4104,2.2249,1.2053,-0.7219,0.1902,348.92,0
78636,-0.7814,-1.7763,-1.124,-1.6259,0.0267,-0.4423,-0.9207,0.8726,0.1293,0.0476,0.5581,1.0365,-1.6028,0.7067,-1.8089,-0.7944,1.0121,0.6912,0.6647,0.1821,1.413,-1.5408,-0.3052,0.0473,2.0353,1.0265,1.0384,-0.7613,17.42,0
82440,0.6781,0.0669,1.1438,1.4592,0.9908,-2.0749,-0.3926,1.2272,-1.7776,-0.7918,-0.552,-1.1184,-1.2229,1.094,0.3849,-1.4798,1.4574,0.7826,-0.2569,0.3736,0.0445,0.3952,-1.0892,-0.8467,-2.1736,-1.4893,-0.6547,1.2579,391.99,0
118109,-0.9362,0.0553,0.9915,-0.3843,-0.6285,-1.3291,1.192,0.712,0.4699,-1.5088,0.5036,0.2853,-0.3381,-1.3767,-0.0567,-0.8708,0.08,0.0633,-0.3382,0.882,-0.0661,0.5291,0.4184,1.0082,-0.9641,-0.3453,0.922,0.1535,47.44,0
156773,0.4287,-1.95,1.0304,0.0801,0.2928,-1.5796,-2.9211,-1.1467,0.0553,1.2122,-0.2409,-0.5598,-0.0938,0.785,0.368,0.4802,-0.1371,0.833,0.1929,-0.9268,1.5005,-0.5485,-1.3843,0.0365,-0.5208,0.1412,1.0028,0.0427,420.97,0
99585,0.298,-0.8431,-0.9332,1.584,1.7178,-2.0895,0.5769,0.6637,0.6332,-0.2178,-1.0143,2.3774,0.8141,-0.1621,-0.394,-1.0934,-0.6621,-0.342,-1.3107,1.2935,-0.3846,0.3064,-1.2331,-0.5231,-1.4514,-0.4279,-2.3514,-0.7656,231.35,0
54958,-0.7686,0.313,-0.6499,-1.7308,0.2903,-0.9839,-1.4165,0.0062,0.0735,1.4644,-0.3823,-1.7223,2.7343,1.3709,-1.0035,0.1317,-2.2478,-0.0934,-0.4486,-1.1695,0.2389,-0.9133,0.9828,-0.7574,-0.2723,-0.3216,0.1739,-1.4537,178.15,0
169607,-0.9778,-0.837,-0.884,-1.1401,0.8782,-0.1858,0.1355,-0.4534,0.5769,0.4114,-0.0253,-1.2776,-0.2698,-0.6533,-0.7842,0.7929,-0.6559,-1.3838,2.0358,2.8298,-0.832,0.0904,0.372,-0.2028,0.7915,-1.4119,-0.531,0.7472,392.35,0
136607,-1.1306,0.1218,-1.4297,0.5852,-0.3546,0.7671,0.1826,-0.4596,0.8433,-1.1734,-0.2649,-0.5375,0.744,-0.0755,0.27,0.5255,-2.3461,-0.9263,0.1159,1.0125,0.5726,1.3108,-0.2216,0.1007,-0.4998,-0.4357,-0.8304,-0.5433,352.66,0
53945,-0.2763,1.5352,0.3741,-1.258,0.3797,-1.1813,-0.4406,0.4948,1.1245,0.9783,-2.5939,0.1716,-0.3848,0.9144,-0.3845,0.3079,-0.6615,0.887,0.7,1.3226,0.7005,-2.1279,-1.26,-0.8015,-0.2855,0.6809,0.7173,0.6482,71.54,0
101833,-0.4744,0.2677,-0.4774,0.4278,-1.0133,-1.1567,-2.6244,-3.3948,-1.0915,-0.3923,0.5528,0.6707,-0.3164,0.1006,-0.0878,0.1075,1.2019,1.3901,1.1561,-0.2674,-1.5186,0.048,-1.6514,0.9678,-0.4144,0.0295,1.6603,0.326,146.75,0
72051,0.1299,0.8151,0.2479,-1.2674,0.1651,-1.1577,-1.3011,-0.0885,-0.1404,1.2437,1.2477,-0.0715,0.072,-1.6879,-0.6552,0.2529,-1.4549,0.7395,-0.4291,-0.6202,0.1808,-0.1812,-0.1601,1.9845,1.7106,1.0407,1.3529,1.2293,105.73,0
154120,-0.7414,-1.8432,-0.8135,-0.6753,-1.3065,-1.1687,0.7032,-1.6672,-1.1152,-0.5254,-0.4982,-0.3472,0.8249,-0.1095,-2.2145,-1.0889,-2.1379,-0.1942,0.215,-0.4952,0.0006,-1.0299,0.7507,0.2933,-0.8667,-1.2909,0.378,0.4164,161.73,0
64894,0.1082,-1.4979,-1.3097,0.0869,-0.1213,1.0271,-1.3531,0.421,0.3225,-0.3024,-0.8036,-0.0791,0.884,-0.3738,0.8473,-0.2738,1.7248,0.0268,-0.1755,-1.6108,-1.4272,0.3813,-0.2274,0.2813,-0.6846,-0.1504,-0.6237,0.2952,135.0,0
74342,-0.6881,1.1188,-1.0545,-0.4653,-0.8415,1.2596,0.437,0.1372,0.2345,-1.0844,1.4029,1.3895,-0.0343,0.0133,0.6491,-0.1753,-0.2002,-0.4928,-0.3459,-0.4761,0.7299,-0.3283,-0.4284,-0.6268,-1.4995,1.5602,0.5086,0.8665,153.45,0
61379,-0.3948,0.1881,0.5726,0.3901,1.1844,0.6313,-1.0772,-0.1323,0.9164,0.0465,1.4413,1.3637,-0.3926,-1.07,0.0571,0.4288,0.1607,-0.4382,-0.5678,0.6235,-1.3569,1.2313,1.0097,-1.0161,-0.1664,-0.3377,-1.2658,-0.5317,82.89,0
92061,-0.2424,-1.3854,0.5982,0.8386,-0.7695,-1.8274,0.3936,0.2384,0.0205,-1.3344,-1.9177,1.7116,-0.2164,0.5044,-0.0707,0.4135,-1.2783,-0.4457,-1.3554,-1.0872,-0.709,-1.8065,-0.4612,-0.7109,-1.1862,-0.1328,-0.0113,-0.837,28.23,0
62741,-0.4889,0.0157,-1.3426,0.0035,-2.7145,-0.4876,2.3232,-0.1919,1.3413,1.4645,-0.867,-0.3973,-0.6937,-1.5479,1.6456,-0.4842,0.3719,0.0391,-0.0218,0.2843,1.639,0.6545,-1.4062,-0.0584,-1.0362,-0.0068,-0.1237,-0.3959,268.75,0
161493,0.2399,0.3421,1.9807,1.0731,0.5736,-0.0934,-0.6163,1.1773,0.1202,-1.4437,-0.536,-0.6747,-2.288,0.948,0.0534,0.7469,0.4419,-0.2265,-0.2561,-0.2182,-0.7372,-1.266,0.0719,0.1426,0.0983,0.1147,-0.9225,0.0208,259.09,0
67960,0.2597,0.4517,0.1537,-0.7761,1.2988,-1.1247,1.7834,0.3327,-0.05,0.3599,-0.3075,-1.2746,0.9754,0.5131,-0.7508,0.9061,-0.8742,-0.3906,-0.015,0.4658,-1.4322,-0.7174,0.1613,1.1815,1.9178,0.5446,0.0387,1.1291,192.11,0
39343,1.0967,2.2917,1.7585,0.3973,-0.3273,-1.4232,0.1205,0.7458,0.7582,-0.4429,0.5983,-1.1563,1.0943,1.0199,0.6721,0.2309,-0.3051,-0.0303,-1.6632,1.1937,1.1481,-1.2854,-0.1582,0.3945,-0.9243,0.2576,-0.4527,1.6925,370.05,0
63591,-1.3042,0.3008,-1.7196,0.0718,0.7223,2.023,0.0494,-0.7483,1.0265,0.0412,0.0983,0.917,1.0928,-1.7321,0.0515,-0.0164,-1.0696,-1.6239,-0.0668,-0.4637,-0.7247,-0.1374,-0.351,0.0176,1.5768,-0.0301,1.8804,1.2441,448.75,0
136251,-1.8163,1.1043,-1.6038,0.4284,-1.0371,-0.5767,-0.6518,-0.7603,-0.3005,-0.1958,-0.2767,-0.4512,-0.5051,1.8845,0.8932,-0.4478,0.4374,-0.7736,-0.6976,0.2134,0.5073,-0.1879,0.0606,-0.4765,0.8607,0.6733,-0.1986,0.4668,179.79,0
54430,-1.0652,0.332,0.2614,-0.3482,0.3015,-0.7966,-0.3818,-1.3051,0.4297,1.9233,0.9397,1.2652,0.9848,-0.1981,0.8031,0.2551,0.2635,-0.5591,1.8755,-0.5822,-1.1866,-0.4353,0.3839,0.2599,0.1383,-0.4897,1.6135,0.6585,111.92,0
51939,0.4309,-0.8634,-0.9828,-1.0505,-0.6727,-0.3827,0.0806,-0.1939,1.9831,0.8504,-0.4923,0.1827,1.5559,-1.0562,-0.1448,0.2575,-0.5884,0.1472,-1.6605,-0.8314,-0.1933,0.1499,-0.251,-0.5625,0.1416,0.628,-0.3866,2.0369,18.29,0
162313,-1.071,-0.9681,-2.0705,0.0144,-0.4248,0.0563,-0.7733,0.6991,-1.1156,-1.3952,0.0172,3.2033,-0.1912,-0.0538,-1.1692,1.064,-1.7298,0.222,-0.7194,1.0725,-0.3453,0.7151,1.3304,0.2198,1.7936,0.334,-0.3512,1.7844,236.37,0
93698,0.4182,-3.9373,0.4532,-0.0748,-0.4349,-0.6563,0.9032,-2.0417,3.1492,1.1541,0.3698,1.9004,0.2747,-0.895,1.0271,-1.636,0.6001,1.1981,0.535,-1.4512,0.2051,-0.1231,-0.7422,-2.312,-1.1855,-0.5007,1.1256,2.7532,440.93,0
129034,-0.5997,-0.1625,0.3304,0.0803,-0.1611,-0.1196,-0.8893,0.1238,-1.3659,-1.1911,-0.3374,0.5262,0.6512,-1.905,0.5263,0.2067,-0.1552,-0.5305,0.9374,0.7846,-0.2564,0.2913,-0.4151,-1.4135,-0.7768,-0.4661,-1.2022,2.45,366.44,0
114522,0.6611,-2.4564,-0.3662,-0.4987,1.5084,-0.3001,1.5858,-0.7603,0.2232,1.3146,0.387,0.7637,-0.1967,-0.4835,-0.3233,-2.4164,0.9456,-0.3158,2.5897,-0.0931,1.3301,0.2744,2.3025,-1.2463,0.2348,1.2697,0.5076,-0.2133,372.93,0
62389,-0.5014,0.7201,-1.6843,-1.9394,0.6481,-1.3407,-0.1174,-0.8969,0.6843,0.0491,-0.3247,-0.8704,0.368,-1.5535,1.0251,0.3199,-0.528,0.2917,-1.7722,1.0629,-0.5763,0.7804,0.8379,-1.5515,-1.4865,-0.7937,0.1674,1.0827,399.8,0
8758,-0.2439,0.8415,0.3747,-0.1174,0.4669,0.8506,-0.1422,-1.2505,0.3546,-0.2641,-1.1454,-0.7682,-0.2495,0.0272,0.5617,-0.2125,0.4499,-0.3734,0.5457,0.4031,0.5692,1.4371,-0.2828,-1.5933,-0.0779,0.8094,0.0249,0.3181,286.31,0
128699,0.5387,0.7778,-0.7504,0.367,-0.711,-1.1524,0.071,0.217,0.3964,0.73,1.6771,0.9487,-0.3608,0.9397,-1.4675,0.1007,1.0535,0.6792,0.8282,1.91,-0.7407,0.7948,-0.0933,1.1147,0.1176,0.7821,1.5468,0.6309,334.07,0
22467,-0.894,-1.5821,-1.4412,0.8648,0.05,0.3512,-0.9227,0.792,1.4889,-0.3266,1.2012,-0.5077,0.0759,0.8392,-1.5484,1.2041,1.2705,0.2817,-1.2946,-0.1373,0.5615,-0.0611,1.0368,-0.3423,0.5741,-0.1903,0.1552,0.6357,22.3,0
20543,1.0663,-0.0787,1.4046,-0.0241,0.3894,-0.667,1.877,-1.1779,0.9046,0.4051,-0.71,0.5341,-0.1814,1.0921,1.2307,-1.2546,-0.8703,-0.8493,-0.9053,0.5007,0.7948,1.0684,0.1247,-2.3664,1.1457,-0.5844,0.6612,0.4867,268.28,0
90143,0.5638,-0.5437,-0.7337,-1.0766,-0.606,0.1036,-1.1378,0.7946,-0.4269,-0.9193,-1.6301,1.2515,-0.1161,-0.296,-0.7813,0.1227,-0.6317,0.6523,0.2338,-0.8308,1.0888,-1.6497,-1.067,-2.4594,0.1167,0.8373,-0.068,-1.7234,161.11,0
109254,-0.3418,-0.265,-2.0655,0.7921,-0.9608,0.634,-0.9625,-0.1002,1.6615,0.6124,1.4407,0.6301,-1.4304,0.9935,-1.2818,-0.1971,0.9406,1.8103,0.105,0.3282,0.3152,0.0665,-0.426,0.5125,-0.7563,0.8223,-1.8064,1.3662,340.91,0
63422,-0.9342,0.9645,0.8885,1.8161,-0.793,-0.4817,1.0966,1.8153,-0.01,-1.528,-0.2161,0.9647,0.6781,1.1129,1.9249,-0.4313,-0.9044,-1.2027,-0.1228,1.0191,1.7272,0.2188,0.0147,-0.1329,1.2264,-0.762,-0.1049,-0.0774,126.94,0
80074,-0.3647,-1.5292,-0.3375,2.0983,0.6604,-0.8902,0.1683,0.8314,-1.3862,-0.1808,-0.1047,-0.0615,2.606,-0.0093,0.6837,-1.0868,-0.6777,-0.453,-0.4592,-1.0506,-0.4151,0.6892,-0.3662,0.7171,-1.3717,-2.0492,-0.3749,-0.5262,259.13,0
62993,1.4617,-1.0664,0.4374,-1.2812,-0.8055,-1.2786,-0.262,-1.436,0.7749,-0.0123,-0.8645,0.4854,1.5307,0.3454,-0.5837,-0.2839,-0.1041,-0.7015,-1.7117,-0.3785,1.2427,-0.8272,-1.9303,-0.0888,1.1028,-1.7224,0.19,0.4114,64.84,0
67804,-0.1987,-1.2642,2.0671,-1.2645,1.1772,-0.8599,0.1233,0.7002,0.7219,-0.755,0.7305,-0.6291,-0.9589,-0.5717,0.2453,0.224,-0.8752,-0.9852,-0.8209,-0.7773,0.1725,0.4749,-0.5182,-1.1139,-1.7291,1.0506,1.8226,2.5345,171.99,0
149265,2.297,-1.832,1.2382,1.56,0.174,0.3718,-1.4577,2.5507,-0.1341,0.3186,-0.6546,0.2034,0.1931,-1.2962,0.9543,1.4716,0.0978,-0.5173,-0.9688,0.4286,-1.0278,0.4914,1.2349,0.0362,-0.2968,-2.4303,1.3092,-1.0555,265.99,0
4696,-0.6235,-1.2577,0.0114,1.5379,-0.2936,0.4358,-0.9918,0.8906,0.9282,1.6159,-0.2473,0.7913,-0.187,-1.334,-1.097,1.7817,0.9158,-0.0261,0.7681,-0.5479,0.9177,2.2526,0.8851,-0.4996,0.2179,1.597,1.1052,1.1949,295.26,0
44298,1.1271,1.1014,0.2537,-0.9361,-1.0922,-1.3257,-0.9604,-0.9381,0.4568,0.142,0.162,-0.2695,0.8096,0.7209,0.5445,0.535,-0.202,-0.6475,-0.0537,-0.1257,-0.4055,0.2201,-1.3851,-0.1777,-0.3174,-0.9923,0.9624,-0.712,309.23,0
74109,0.3575,0.3113,0.2117,0.6331,-0.0992,1.2129,0.4662,1.4878,-0.0797,0.2721,-0.6822,0.0156,0.818,-0.3655,1.4922,0.0257,1.5832,-1.0488,-0.2769,-0.4964,1.0106,0.6421,-0.0764,-0.4558,-0.0268,0.7246,0.8357,-0.0596,232.67,0
26164,0.7871,-1.8777,0.5663,-0.7567,-0.4679,-0.9441,1.457,1.2993,0.1076,-0.0887,0.9313,1.1029,-1.0061,1.8672,0.7592,-0.2201,-0.1025,-0.9602,-0.2705,0.4105,-0.8945,0.6477,0.7848,-1.3137,-1.0369,0.1426,0.4559,-0.3963,67.12,0
15373,1.9159,-0.2229,1.7498,1.3348,-1.2896,0.1409,-1.2723,0.5208,0.2505,-1.3518,1.338,-1.5651,-0.3,-2.0873,-1.1508,0.1228,0.8201,-0.6996,1.3449,0.5654,2.0076,0.1562,-1.6299,-0.2562,-0.1168,-0.7025,1.9541,-0.5576,260.03,0
162067,1.2165,0.8294,0.0082,0.9211,-0.4404,-0.882,0.6785,-1.0836,0.334,-0.0257,-0.3627,-0.4581,1.1372,-1.5894,0.269,-0.2886,-0.7414,0.0389,0.3158,-0.0599,0.245,1.4148,-0.6009,0.4179,-1.7386,0.457,-1.8669,0.6314,224.09,0
31118,1.6416,-0.2004,1.0101,0.1132,1.2303,0.2818,0.8133,-1.5738,1.3867,-0.3267,0.9911,-0.8187,-0.6227,-0.9114,-1.0094,1.5718,0.7836,-1.7623,-0.8413,1.4864,-1.2851,-0.9331,-0.717,0.8311,1.2003,0.8429,0.9366,0.0129,317.2,0
76541,-0.9246,-0.2857,1.6734,1.3204,-1.8553,0.0884,-0.0483,-1.0248,-0.0178,0.6602,1.4192,1.3453,0.4002,1.8223,0.3312,0.8456,0.0139,-0.3083,-1.0,-1.1093,1.5077,1.4743,-1.2866,0.3529,-2.576,-0.068,1.6319,0.0445,277.06,0
113458,0.6082,-0.9743,-2.251,-0.118,0.5805,1.1794,-0.0641,-0.5203,-1.0296,0.8804,0.877,-0.796,-2.0876,1.8484,1.4641,-0.8546,-0.3802,2.5459,1.0794,-0.2024,0.6902,0.7669,-0.5132,-1.5801,-0.4704,1.4821,1.011,-1.2111,467.82,0
165827,0.1398,0.6717,-0.3381,-1.4854,0.4695,-0.2535,-0.6696,-2.6351,0.548,1.1241,-1.0271,-1.193,0.087,-1.2825,-2.0748,-1.1888,-0.3713,-1.451,0.9709,-0.7642,0.7523,-0.7292,0.473,0.038,-0.242,0.2247,0.7388,0.2744,392.98,0
75134,-0.2287,-0.5142,1.6203,0.6656,0.3558,1.1965,-0.6927,0.8516,-1.1185,-1.0,-0.6595,-0.2702,-0.5978,-0.7922,-1.7811,-0.1224,-0.5103,-1.4495,0.938,0.2852,-1.5251,0.8818,-1.0298,-2.3859,1.5566,0.5472,0.5856,1.9287,430.36,0
116146,1.0607,-1.9298,-0.4062,-1.3861,0.0404,-1.2571,-1.3778,-1.0465,0.8138,-0.1857,0.6672,1.3603,0.2383,0.5701,-0.9695,-0.0846,-1.1488,0.5538,0.9062,0.9658,-0.0282,0.8955,-0.1453,-0.5615,0.5021,0.726,2.2037,0.7291,308.19,0
78945,-1.3017,0.0774,-1.0997,1.3623,-0.2915,0.6418,0.1517,0.3438,-1.0365,-0.0335,-0.4274,-0.1013,0.1247,0.6815,-0.4656,0.8236,0.3292,1.6388,-3.3126,-0.6427,1.2586,-2.5212,1.4846,0.0822,-2.0422,0.7256,-1.0526,-0.9128,479.49,0
84131,-1.3107,1.2097,0.5828,0.5033,-0.0364,-0.2207,-1.7061,-0.1815,-1.1875,-0.107,-0.8357,0.0694,-0.5097,-0.7159,0.3904,0.2222,1.6956,-0.3055,-1.3738,-0.2909,0.3438,1.3666,0.3488,1.4803,0.3478,-0.5825,0.9752,-1.8074,370.95,0
114094,-1.4344,-1.8871,-0.0113,-0.5777,-0.8685,0.2275,0.2848,0.1746,0.3505,-1.229,-0.6405,-0.3262,-0.0538,0.9896,-0.7282,-0.7776,1.4874,0.1585,-1.398,-0.311,-1.2362,-1.137,-1.3343,-0.796,2.0597,1.0105,1.3817,1.0876,151.37,0
22676,-0.4498,2.2414,-1.3659,1.26,0.5722,0.1122,0.3119,1.6277,0.5637,-1.8626,-0.3954,1.3617,-0.621,1.9937,1.9618,-0.4338,-1.5028,-2.0132,2.0334,0.1427,0.1843,0.2267,-0.8983,-0.4416,-0.4032,-0.1241,0.4085,1.5932,363.24,0
55505,-1.2294,0.7517,-0.5906,-0.0467,0.3463,1.8656,0.2168,0.5943,0.6003,-1.8612,1.3806,-1.8658,1.1115,-0.0397,-0.7887,-0.2544,0.4146,0.1867,-0.1766,-1.1422,-0.2548,0.4577,-0.257,-0.3805,-1.5692,-1.4646,-0.4522,0.9968,308.55,0
80130,-0.2,-0.5391,-1.658,-0.7406,0.5874,-0.1561,-0.6789,1.6185,-0.3367,-1.3909,-0.1575,0.9307,-0.3843,-0.8111,-1.0772,0.1364,0.1791,-1.1414,1.1165,0.9099,0.7063,0.3998,0.9734,-1.8683,0.5371,1.5351,-1.1285,-1.1516,446.16,0
132953,-1.2391,-1.3469,-1.5063,-0.8146,0.0634,0.2658,-0.1412,2.1139,-1.4117,-0.3594,0.5938,0.8027,1.036,-0.8414,0.3343,-0.4191,-0.4357,-0.0031,-0.0957,0.1102,0.18,2.5722,1.5084,-0.1727,0.0249,-0.5494,0.698,1.0881,283.34,0
38325,-0.1016,-1.145,-0.4439,0.5449,-0.3593,0.028,-0.2017,0.2164,0.5857,2.1031,-0.7247,0.8621,-0.2959,0.0867,0.8785,-0.1077,-0.3479,-1.163,0.9106,-1.6652,-0.1048,1.2494,0.6705,1.2927,-0.9646,1.0901,0.6169,-1.0361,188.79,0
58431,-0.9281,-0.0958,0.7786,-0.8533,-1.3529,0.1527,-0.547,-0.0063,0.2026,0.3455,-0.4277,-0.5407,0.3662,0.8749,-0.1024,-0.4913,0.2249,1.812,-0.213,-1.1262,-0.6818,0.0913,1.0018,1.6063,0.294,0.0417,-0.5307,-0.2641,315.14,0
10273,0.4361,-0.3571,1.1347,1.956,-1.0142,-0.1064,1.3983,-0.2736,1.1659,-1.1156,1.0508,-2.1864,0.2846,1.3358,-1.128,0.2048,0.1968,1.0095,0.8252,1.0328,0.1532,-1.3888,-0.6046,-0.0411,-0.8902,-2.0782,-0.3103,-0.2153,189.73,0
34658,0.5219,0.424,0.7529,-0.9149,-0.4985,0.2749,0.9349,0.6466,-0.212,-0.1863,0.2499,-1.1564,0.8486,0.7723,0.929,0.9934,0.9979,-1.8841,0.2253,-1.4299,-0.9527,-0.1328,1.183,0.3312,0.2314,1.7856,0.241,-0.9497,294.93,0
151026,0.4382,0.3089,-0.72,0.1041,0.5165,-0.6319,0.7328,-0.7167,0.5875,1.4576,0.3221,-1.2735,0.0887,0.0811,-0.8612,-1.2595,-0.3816,0.8684,0.8179,1.1999,-0.0449,1.9646,-0.8462,0.4408,-0.2416,1.4914,0.0323,-1.0321,392.11,0
126476,0.5542,1.1536,-2.9731,0.3044,-1.5239,-0.8087,-0.4372,0.3256,0.3302,-0.3802,0.2216,1.7342,0.4365,-0.1441,-1.7538,-0.092,0.4334,-1.31,-0.1307,-0.2997,-1.0901,0.9122,0.6237,-1.7542,-1.3328,0.2398,0.6646,0.411,186.05,0
159653,0.9573,0.2315,1.3731,-0.1346,-1.5633,-0.2075,-1.9752,-1.3877,0.6107,-1.293,-0.6225,0.2511,-0.9969,-1.5049,-0.0587,0.2548,-0.9765,-0.705,0.07,0.6054,0.7206,0.1661,0.5853,0.0011,1.739,-0.0348,-0.6052,0.7995,293.45,0
135723,1.5523,0.1503,1.1036,-0.6142,-0.1912,-1.2655,-0.8014,-0.46,0.2866,-0.6565,1.0718,-0.2534,-0.0795,0.0548,0.5391,1.0587,-1.1034,-0.4259,-0.2672,0.4213,-0.7693,-0.0644,-1.7258,-0.419,-0.001,1.0815,-0.8235,0.8023,122.39,0
89040,1.0755,-0.2672,-1.2893,0.3248,0.4899,0.085,1.2914,0.5836,1.5022,-0.0548,0.1096,0.8642,1.1586,-0.3331,1.8858,0.1154,0.0048,0.4418,-0.8557,-1.646,2.0558,1.0643,-0.924,0.1371,0.6235,-0.488,1.4331,-0.4945,455.05,0
130809,-0.0592,-0.7293,0.0392,0.7844,0.2473,1.882,0.4843,-0.8035,0.0914,-0.497,2.1998,1.1823,-0.1152,0.0053,1.5692,-1.9691,0.5564,-0.7863,-0.8539,1.9593,0.9585,-0.889,-0.0984,0.6279,0.1071,-1.1916,-1.3343,0.9968,64.99,0
137818,0.3475,-1.0866,-1.1431,-0.2994,-1.1957,0.943,1.2465,2.4389,-0.3547,-1.0521,-0.0575,-0.1431,0.322,1.2791,-0.6287,1.2256,-0.0768,1.2589,0.0911,1.1254,-0.7236,-0.6226,-0.6876,0.0053,-0.2941,-0.9192,0.4937,-0.6421,90.76,0
34377,1.5092,-0.1977,0.627,-1.4693,0.4244,-1.2003,0.4092,-0.5187,0.5065,-1.5577,-0.1379,0.0236,-0.4734,0.2544,1.1058,-0.8771,-0.8513,-0.1846,-0.7576,0.0638,0.197,-0.2428,0.4854,0.3479,0.1649,0.7481,0.2387,-0.3815,372.55,0
68096,-0.8231,0.9828,0.7023,-0.3206,0.5045,0.0632,1.7274,-1.9016,0.4129,1.243,-0.3668,-0.4991,0.1773,-0.9197,-0.5366,-1.0242,-0.1775,-2.092,-0.6028,0.5585,-0.3785,-0.4119,0.899,1.5778,-0.7372,1.2049,-1.7505,-0.8458,36.6,0
42467,-0.4813,0.7215,-0.9011,-1.291,-0.7913,-0.6168,1.3266,-1.1302,1.5387,-0.623,-1.0845,-0.1435,0.9743,1.7035,0.517,0.5172,-0.0171,1.6504,-0.0011,-0.6877,-0.3576,0.2701,1.0441,-0.4379,1.6196,0.5696,-3.2865,-0.499,52.86,0
162031,0.8178,1.2078,0.6471,-0.5671,0.0134,0.8176,-0.3716,-0.3786,0.1271,-0.2045,-1.0256,-1.6987,-0.5175,1.0126,1.2319,-0.1953,-0.1523,1.0742,1.5184,-0.2942,0.5971,1.21,-0.9662,-1.0425,-1.1205,-0.4764,-0.5507,-0.6617,174.24,0
141470,0.062,0.4287,-0.3666,0.9635,0.0813,0.1209,-1.6672,-0.246,0.5386,0.6211,-1.4888,-0.3338,-1.6762,0.085,-0.5226,1.6219,0.4002,-1.2874,0.3651,-1.2066,0.7785,1.9159,-0.6999,0.2919,-0.3149,-1.4063,0.334,-0.622,40.53,0
163924,0.1115,1.6971,1.5326,-0.9732,-0.3268,-0.7505,-0.0808,-1.8173,-1.6737,1.0198,0.3407,0.7535,-0.9047,-1.0511,-0.1936,1.3828,0.0754,0.183,1.1778,0.3797,0.182,0.4274,-0.1907,1.5734,-0.1044,-0.7205,0.6816,0.9467,171.61,0
81677,0.2615,-1.1452,-1.0676,1.1171,0.4009,0.081,0.002,-0.562,-0.1033,0.9929,-0.6099,-0.1697,0.6015,-0.4624,-0.1172,0.1079,1.5636,-0.2517,-2.0349,1.7986,0.0576,3.2273,0.5118,1.5481,1.2303,0.8244,0.2563,0.9592,480.65,0
84689,0.8768,1.3553,-0.0419,-1.2623,0.8245,0.7954,-0.2855,0.9013,1.4037,0.4765,0.7234,-0.1226,-0.1596,0.07,0.365,-1.2745,-0.592,0.4544,1.2939,-0.2567,-0.5555,-1.4225,0.9649,1.4196,0.0095,1.1772,-0.356,-0.8364,484.86,0
163874,0.8714,0.3453,0.7039,1.0207,0.9033,0.7227,-0.5205,1.1677,-0.5678,-0.7287,1.2641,-1.022,0.9654,0.1303,-0.1217,-0.7499,1.5181,0.3846,-1.1659,-0.4534,-1.2908,0.0805,-0.8514,-0.2394,-1.9716,0.3968,-1.6155,-1.1534,81.01,0
139234,0.4705,0.6926,-0.0801,0.9532,1.4256,0.0064,-0.4644,0.4414,1.958,0.2314,0.1202,-0.7289,-0.2655,-1.4412,-0.9606,-0.2399,-1.1599,-0.1768,-1.3066,-0.4379,-0.6304,1.2849,0.9355,0.7785,1.7347,0.7725,1.3941,1.4803,101.84,0
127236,0.0912,0.2374,-0.6239,-0.7712,-1.3958,0.0886,-0.2676,-0.1705,0.291,1.5639,2.2457,0.1851,-1.2818,-1.9054,0.5541,-0.9775,-0.6081,-0.725,-0.0862,-2.1012,0.7776,-1.5992,1.2934,0.4962,-1.6011,-0.2952,0.2039,-0.3474,108.73,0
136179,1.3172,0.921,-0.6354,-0.1281,-0.7461,-0.1239,-0.4431,-0.4449,-0.0052,-1.0358,1.1245,0.8781,-0.6953,0.8627,-1.0514,-1.784,0.3149,0.5465,-0.7393,0.5262,1.9605,3.0124,-0.8729,0.3267,-1.2286,2.8315,-0.4358,0.86,382.33,0
112876,0.407,-0.7847,0.0732,1.2539,-0.8942,0.8935,-0.0322,-0.9442,-2.423,0.747,0.2656,0.0003,-0.039,0.1771,1.3896,1.5778,2.882,0.119,0.1907,0.8486,0.3231,-2.3743,0.9846,-2.0149,-1.2971,-0.092,-0.4007,-0.1936,230.72,0
40922,0.617,0.7308,-0.6335,-0.3595,0.1644,-0.4072,-1.8072,1.3165,-0.1583,-1.5958,0.1641,-0.5939,0.7005,-1.3598,-1.9371,-1.006,-0.6984,-0.4761,-0.1578,-1.301,0.2988,0.1606,0.1211,-0.9168,0.425,-0.947,1.362,-1.4906,114.13,0
171122,1.3446,-1.8635,-0.9427,-1.0544,1.1493,0.4067,-0.5443,1.1697,-0.7181,1.3702,0.8551,1.2281,2.6612,-0.044,0.0234,-1.3084,0.8976,0.5703,0.1282,-0.5513,-0.5858,0.9741,-0.0371,-1.2599,-0.0795,1.0052,-1.418,0.619,381.25,0
126070,-1.0775,-0.4211,-0.3808,-0.54,-1.2169,-1.0864,0.0091,0.3855,0.148,-0.8715,0.385,-0.1988,-0.4955,-0.9253,-0.5094,0.717,-0.184,-0.1231,-1.001,2.7904,-2.2649,-2.0279,-0.5248,0.1994,1.7735,0.5138,0.3008,0.9196,379.11,0
22495,0.2548,0.2173,2.1697,-0.721,1.2574,-1.3602,1.5328,0.1326,0.837,0.7038,0.6778,0.0975,-0.656,-0.1597,-0.7654,-0.1127,-1.6089,0.1722,0.9773,1.2019,1.3138,0.1525,-0.1542,-0.2552,0.3924,0.7171,0.3381,-1.3454,27.49,0
171640,0.3495,-0.1254,-0.7874,-1.2471,0.807,-0.492,0.6479,0.5217,0.7349,-0.6611,1.1824,-0.1509,-0.5423,-2.0952,-1.3421,0.1297,0.5667,0.3498,1.2548,-0.2657,-0.0665,-0.2769,0.7532,-0.4002,-1.6484,0.1044,1.5084,0.1749,178.33,0
79253,0.2395,2.7565,-1.8279,-0.0144,-1.4451,-1.4596,1.4181,-1.1671,1.2507,0.2342,-0.1082,0.5633,1.1679,-0.8807,0.8359,0.5143,1.3349,-0.3373,-0.5063,-0.5096,0.0349,0.5747,2.1557,-0.4037,-0.5973,1.0982,0.1466,0.5262,271.14,0
53034,0.5587,-0.6535,-0.3388,-1.1701,2.1786,2.479,0.5536,-0.0849,2.037,-0.9116,-0.5253,1.1636,0.476,-0.1593,-0.848,1.875,-0.2444,-1.6853,0.7543,-0.7071,-0.918,0.5725,1.9384,-0.8567,0.7306,-0.3257,0.0864,-0.4673,93.19,0
160427,-1.0121,-0.9146,-1.025,-0.8739,0.0275,0.2283,1.5273,0.8331,1.2878,1.4439,-1.4204,0.2824,0.399,0.9061,-0.5901,0.0978,0.1522,1.0136,2.235,-0.4436,0.6751,-0.2184,-0.3194,-0.5928,0.1758,0.5991,1.0324,-0.3021,308.91,0
85169,1.4,-1.5528,-1.5542,0.7607,-1.4524,-1.17,-0.1864,-0.9836,1.2086,-0.4861,-1.3953,-0.3226,-0.0797,-0.2687,0.8544,0.7007,1.4748,-1.4244,0.0334,1.2421,0.2815,-0.0287,-1.2937,1.1064,0.6311,-0.1511,-1.9293,0.7701,387.06,0
74950,-1.0171,0.252,-0.2538,-0.2185,-0.5508,-0.059,0.5275,-0.961,-0.0838,-0.4829,0.4232,-2.3188,-0.1791,-0.5086,-0.9374,0.5659,0.5773,1.2048,-0.1562,-0.6532,-0.7281,0.2131,-0.7807,-2.0358,0.4584,-1.5245,0.3513,0.345,225.25,0
95143,1.3477,0.8005,-0.3937,-2.6904,-0.4499,-0.3822,-0.2848,-0.0932,0.4309,0.7943,1.376,-1.4414,0.2932,0.4759,0.039,-0.3222,-0.5775,1.5121,0.8009,-0.2005,0.9024,1.9396,0.0815,-0.0207,0.0151,-0.156,-1.175,0.0175,403.92,0
159379,0.5458,-0.4954,-0.9638,-0.602,-0.3437,0.2176,-0.6058,-0.4408,-1.3296,-0.4076,-1.7471,-0.6608,0.54,0.1714,-0.1562,-0.2246,0.9003,-1.1784,0.4422,-0.7165,0.2782,-0.1521,-0.5432,0.3123,-0.6462,-1.2129,-0.483,-1.2547,393.87,0
46509,1.6263,-0.3497,-0.1725,0.208,0.1025,-0.877,1.4818,-1.1121,0.1021,-1.9226,1.0356,0.4476,1.4266,1.3742,-0.4934,0.9081,0.171,0.6632,1.2156,0.4653,1.2167,-0.1588,1.3674,0.8399,-1.3936,-1.0779,-0.2829,-1.0168,424.05,0
68068,-3.2154,-0.5174,-0.3201,0.4188,-1.1185,-0.4644,-0.7873,-0.8583,0.5845,1.2404,-0.7163,-2.6904,0.2203,0.0022,-0.3532,-0.3553,1.0362,-1.4632,1.0339,-0.0066,-0.6443,1.1085,-0.0979,-0.1146,0.2456,0.7754,0.2143,-0.8305,253.84,0
84914,0.0525,-0.4888,-0.5019,0.8699,-2.3041,-1.0652,0.3238,-0.5714,1.1362,-1.954,-1.1246,0.1485,0.5268,0.1197,0.6223,0.9205,1.409,-1.5937,-1.7838,0.4286,0.3052,-0.1488,-1.2789,-0.1703,-0.555,-1.1455,1.3034,0.154,166.53,0
92692,0.5202,0.2298,0.4913,-0.7662,-0.8755,0.8728,0.6873,1.1785,0.1911,0.4604,0.1733,-0.8409,0.986,-1.2257,-0.0574,0.4223,0.6903,-0.6728,0.4065,-0.7454,-0.6126,-0.0974,-0.1943,0.1962,0.1307,0.421,-1.7901,-0.0675,452.57,0
40390,0.8322,2.11,-0.1341,-1.2104,0.0888,-0.549,1.2874,-1.3402,1.3903,-0.5705,1.0792,1.1892,-1.5303,0.3994,-0.0899,-0.0127,1.3886,-0.6287,-0.3541,-0.2383,-0.3007,0.0635,-1.4546,-0.1891,-0.5022,1.2129,-0.8032,1.9516,161.12,0
50474,-0.2808,1.2004,0.2128,-1.4761,-0.0831,0.5795,1.8965,1.6606,-0.4325,-0.1701,-1.2178,-0.3334,-0.316,2.3747,0.4349,-1.232,0.4101,0.7602,0.9721,-0.7814,0.2304,0.076,0.2642,-0.1837,-0.3159,0.2834,-1.2153,0.981,445.75,0
165011,0.799,-1.3286,-0.6445,-0.5778,0.6496,-1.4401,-0.589,-1.0854,1.6561,-0.2764,-0.5194,0.1137,0.864,-2.073,-1.0809,0.2184,-0.6298,-1.4424,-0.7089,0.1566,0.3257,1.9601,-1.6392,-1.4811,-1.2078,0.9729,-0.8959,-1.5189,441.32,0
118825,-0.3666,0.0288,0.8661,0.7434,0.461,-0.6714,-0.7594,1.0645,-1.0189,-0.0509,-0.1059,-0.4638,-0.3599,-0.1325,-0.3576,1.0527,-0.6221,-0.3977,0.0233,0.5881,-0.3674,0.0409,0.3992,1.4864,-2.5428,1.1742,-0.8349,-0.3751,347.37,0
45373,-0.2102,-0.3435,1.1854,-0.55,-1.3346,0.1124,-1.2383,0.2939,0.2722,-0.5599,0.3654,-0.104,1.4225,1.1581,0.1305,-0.9672,-1.4683,0.0527,1.5528,0.9928,1.6414,-1.4061,-0.0126,-0.0145,0.3435,0.453,-0.9751,-0.194,289.39,0
51292,0.5634,1.9699,-0.5468,1.6924,-0.959,-2.0235,1.4664,-0.6163,2.6217,-1.5478,-1.1935,-0.683,-1.9357,-0.127,0.2156,-0.2871,2.1321,-1.5271,1.2814,0.0068,0.4778,-0.0643,-0.0506,0.2466,-1.2146,0.5556,-1.1138,-1.1169,203.61,0
114082,-1.415,-0.4123,-0.6378,0.1015,-1.7012,1.5075,0.3101,-0.4888,1.489,-0.0238,0.2565,0.2883,1.5908,0.1575,-1.0677,0.0894,0.4198,-0.0258,-0.6496,-0.8082,-1.6969,0.4811,-0.8345,-0.6425,0.5095,1.0792,-1.0356,-0.3513,178.3,0
48704,-0.1087,0.0556,-1.6202,0.0188,-0.1867,-0.7697,1.1736,-0.5835,0.2717,0.058,-0.9536,0.1006,-2.2366,-1.2345,1.4181,0.7804,-1.9534,-0.3271,0.003,-0.8096,-1.2105,-0.1294,-0.5778,-0.4784,-1.0062,-1.0804,-0.742,-1.3243,270.06,0
151946,-0.126,0.3042,-0.9628,1.445,-1.1761,0.233,-1.5967,0.3126,-2.2363,1.2109,0.2465,-0.7886,2.2082,0.4983,-0.0058,-1.6113,-0.3279,-0.1387,-0.6,0.1022,2.8882,0.971,0.5061,-1.3046,-0.0951,0.4039,-1.9516,-0.0687,139.65,0
34744,-0.5992,-0.5336,-0.0719,1.6432,-1.7444,-1.3326,-0.1016,-1.4637,-0.4245,0.4534,0.149,-0.7188,0.5157,1.1104,2.8154,0.5939,1.3173,-0.2741,0.8305,-1.7164,0.0179,-1.032,-1.0916,0.9849,-0.0909,-0.5982,-1.6958,-0.9014,28.11,0
69309,0.0171,-0.4963,0.4992,0.8765,-0.5252,1.5704,0.0188,-1.2331,-1.1387,1.072,-0.5529,0.089,0.106,-0.1124,0.9794,-0.4819,-1.1097,-2.3014,-0.1185,-0.2641,1.2383,-0.7041,1.0232,-0.289,1.7207,-0.9737,-0.4012,0.6786,50.04,0
171532,-0.96,-0.5611,-0.3366,-0.6636,-0.8086,-1.5132,-1.4931,-0.1882,0.8662,-0.0369,0.1302,0.0087,0.9369,0.4262,-1.5019,-0.2404,-0.9572,1.2914,-0.0031,0.2632,-0.2504,-0.2333,-1.7586,-1.1813,0.2799,1.3233,1.8146,1.7429,44.11,0
158514,1.0012,1.0649,1.0449,-0.7602,2.0825,-0.4358,-0.256,-0.7202,-2.2956,0.4836,-1.4556,-1.7324,-0.1741,1.0408,1.4079,-0.9778,-0.2646,0.5324,1.5487,0.7769,-0.6663,0.604,2.3202,0.9196,-0.0992,1.0732,-2.2944,0.1194,305.54,0
46777,-0.2925,-0.3795,-1.0279,-0.2683,-0.3576,-0.3111,-0.7227,0.2779,0.373,0.083,-0.2437,-1.7158,1.1654,0.138,-0.0239,-0.0341,0.9671,0.2343,0.5185,0.7291,-0.0668,0.0544,-0.452,-1.6564,-1.0076,0.1393,-0.2547,-1.8113,35.98,0
59204,2.4824,0.0516,0.4752,-1.044,-2.1328,-0.9588,-0.9567,1.1726,-1.1476,0.827,0.4215,-0.1115,-2.4865,-0.5497,0.9707,0.5373,0.1496,-1.4369,0.126,0.2537,-0.4861,0.4331,-0.7103,-2.0078,-0.6432,-0.6903,1.219,0.7195,367.93,0
36685,0.221,0.0504,0.738,-0.0168,-1.3582,1.1414,-0.7306,-0.9226,1.7835,-0.3992,0.178,-0.0379,-0.483,0.7687,-0.1847,-1.003,0.3474,1.4146,-2.3477,-0.3435,0.8501,-0.903,-0.0409,-0.7272,1.4666,0.7132,-0.1957,0.0137,453.68,0
162102,1.4906,0.4412,0.4194,0.4497,0.8151,0.2646,0.2993,-1.0624,0.6392,1.1746,0.1959,-0.4318,-1.7915,0.0322,0.3321,1.7758,-1.634,0.817,1.4969,-0.1682,-1.2272,2.4374,-0.4828,-0.2497,0.9173,-1.5198,0.1197,-1.3357,168.42,0
31652,-0.2518,1.6645,0.4733,0.8365,0.3804,0.6433,-0.4656,-0.2636,0.3608,-1.3676,-0.4173,0.4114,0.2984,-0.2816,2.2804,0.1036,-0.3603,-1.2929,-0.3235,1.5035,0.2982,-1.0971,0.3883,0.3976,-0.1436,1.0847,0.0418,0.618,346.15,0
156309,0.5012,1.0652,1.3368,-0.4316,0.188,-0.9053,0.7328,0.021,0.9091,0.8273,0.7817,0.5362,0.087,-1.2427,0.3291,1.6834,-0.4339,-0.6774,0.6181,1.6743,-1.0411,-2.4159,-0.6148,0.0997,-0.1428,-0.2603,-0.5027,-0.6469,217.9,0
87633,-1.5603,-1.4076,-0.4494,0.1363,1.1748,0.4019,0.1327,0.2035,-0.3817,-0.0358,0.1001,1.0802,-0.9141,-0.5007,-0.0391,-2.1381,0.0604,0.4793,0.1024,0.7286,-0.5697,0.3487,0.3033,-0.2465,-0.2876,-0.1703,-0.642,0.2737,305.11,0
46677,-0.4114,0.3522,-0.2665,-1.3887,0.6643,-0.1028,1.0703,1.1005,0.5042,0.1983,0.6604,-0.8894,0.436,0.8074,1.0284,-0.8906,0.3506,-1.3818,-0.4665,-0.3935,1.9307,-0.3666,1.6882,1.0196,-3.2912,0.2234,-1.598,-1.0365,140.31,0
112226,-0.0653,-0.7498,-0.6144,1.164,1.0411,-0.8414,0.7744,1.0515,2.799,0.0893,1.0924,0.2809,0.0305,-0.2597,-1.1206,-0.222,0.5514,-1.772,-0.7089,0.2184,-0.1476,-0.0568,-0.2794,-2.4312,0.5628,0.6202,-0.2616,-0.349,240.41,0
79911,0.5835,0.943,-1.1965,-0.5665,1.1042,-0.1648,1.0038,1.1922,0.8052,1.859,-1.0906,-1.1157,1.4049,0.012,-1.1484,1.014,-0.823,-0.1619,0.0281,-1.5473,-0.9951,-0.8499,0.4042,1.4645,-0.6575,-0.621,1.0952,-0.4966,455.09,0
95417,0.3698,-0.3139,-0.9227,1.0388,-0.4122,0.4642,-0.3473,-0.1345,-0.1711,-0.6549,0.7333,-0.0868,0.8627,0.7468,1.2223,-0.4915,0.6637,-0.1744,-0.0224,-0.7144,-0.4744,0.6302,-0.342,-0.7295,0.8483,0.3568,-1.2185,0.1057,62.23,0
139435,-0.5372,-1.1107,-0.3656,1.3441,0.7437,-2.2937,0.8587,-2.2178,1.9326,0.8454,-0.3946,0.1069,0.661,-0.4934,0.4635,-0.1295,-0.2508,1.525,-2.0388,0.047,-1.3931,-0.1821,-0.7081,2.5463,-0.5142,-0.137,-0.6184,0.8894,322.7,0
76419,0.0789,0.1958,0.6091,-1.7978,-0.8979,-0.1113,-1.2855,-0.6931,0.2646,-1.1232,-0.62,-1.0613,-1.0559,-0.3319,-1.95,-0.8768,-0.6134,1.6547,0.1402,0.9542,-0.4588,1.8774,0.4877,0.6568,1.3363,-0.3772,0.6582,1.0486,91.96,0
45969,0.8179,-1.3008,-0.2896,-0.4994,0.022,0.2891,-0.2114,0.4751,-0.0417,0.6373,-0.2455,-0.1017,-0.3748,0.838,-0.8694,0.8925,0.4422,0.7227,0.8937,-0.4881,-0.5605,0.0021,-0.8483,0.229,1.6373,0.0442,0.8866,-0.137,353.02,0
124232,2.0985,-1.6072,0.0837,-3.2011,-0.8943,-1.554,-0.3038,-2.2399,-0.2581,0.4143,-0.2835,0.0377,-0.2179,-0.4484,1.3696,0.2151,0.1741,0.9242,-0.6319,1.2143,0.4131,1.1508,0.3334,-1.6742,0.1398,0.3938,0.8796,-1.2194,478.85,0
134162,-0.915,0.7151,-0.9543,-0.7228,1.3915,0.5114,-1.2691,0.9522,-0.8875,0.4338,0.9171,0.0704,-0.3876,1.0146,-0.6464,-0.2608,1.2529,-1.0659,-0.9326,0.5467,0.832,1.3827,1.2929,-0.9679,-1.6305,0.9754,-0.4547,-0.3215,152.31,0
137704,0.3686,-0.031,1.6274,-0.4168,0.8719,0.5415,0.8887,-0.53,-1.4782,-0.5407,0.0179,-0.5424,0.3838,0.9025,-0.2771,-0.0975,0.8744,-1.6834,-0.4254,1.2074,-0.2271,0.0531,0.7806,0.012,1.824,-0.5172,-1.4349,0.2501,446.45,0
109355,0.9353,1.9675,-0.1475,-0.1896,0.1076,-1.1606,1.3287,-0.2481,-0.7392,0.8737,-0.7109,0.302,-1.0602,-2.489,0.4021,-0.879,-0.0201,-0.1871,-0.0791,1.3178,0.6752,0.8834,-0.3281,-0.8814,0.8949,0.3088,-1.6332,-1.882,25.31,0
76457,-2.3063,-0.4341,-1.699,-0.1484,0.1815,0.407,0.0207,-1.2525,1.3027,-1.3453,-0.3363,-0.7767,-0.6025,-1.4031,1.0856,0.7461,0.0716,-0.1443,-0.96,-0.1101,-0.908,0.0864,0.3937,-0.2471,0.399,0.5836,0.8047,1.9748,307.1,0
137796,0.8963,-1.3,-0.5322,-1.7209,-1.9324,1.1047,0.3944,0.3547,0.9197,0.1008,-0.1981,-0.51,-2.7677,1.057,-2.6217,-0.3836,0.4003,0.7527,-0.0175,-0.5022,1.0629,1.1137,-0.3253,-0.793,0.7034,2.7283,-1.511,0.7722,56.75,0
4929,0.26,-1.6627,0.4607,0.1261,0.3208,-1.1567,0.4687,0.1831,-0.007,0.3702,-0.8296,-1.4564,0.4541,-2.2018,0.595,2.0675,0.3708,0.8537,1.6277,1.0442,2.277,-0.8711,-0.3412,0.4833,-1.6149,-0.0064,0.0667,1.2979,50.45,0
151554,0.102,-1.2226,-0.5502,-2.522,0.7904,1.4765,1.607,0.0437,2.0,-1.0312,0.6744,-0.9126,-0.2049,-0.6062,-0.2203,-0.4226,1.4321,-2.4306,-1.0676,0.5517,-1.4154,0.9288,-0.4401,1.0299,-1.1613,-0.1447,-0.5307,0.6313,361.35,0
21560,-0.2338,0.4374,-0.2839,1.3244,-1.0384,2.5291,-1.1927,0.4382,-0.4961,1.9029,0.1425,0.3521,0.6153,-0.9554,-0.2708,-0.5673,1.1632,-0.0093,0.8476,0.659,-0.2291,-0.3538,0.6283,0.7931,-0.3902,-0.2496,2.4619,-1.2487,33.29,0
52189,-0.7106,1.1413,0.5109,-0.03,0.8451,-1.3672,-0.2818,1.5558,-0.695,-0.3931,0.3529,-1.3929,-0.9205,0.6667,-0.8116,-0.6147,-0.8048,0.0785,0.054,-0.4751,-0.0051,1.1728,-0.3721,-0.3882,0.2671,0.193,1.3694,0.6259,486.06,0
100304,-0.7046,-0.5436,-0.4547,1.3212,0.0939,-1.468,-1.155,-0.1455,-0.8148,0.1766,-1.1855,0.0156,-1.7566,-0.4798,-0.1827,-0.0476,0.2681,-3.0473,0.3674,-0.3445,-1.8624,0.6036,-0.2533,0.0956,0.6509,1.3155,0.3816,-2.0432,82.91,0
112900,1.0527,1.1863,-0.4798,0.0379,-0.6667,-1.309,-0.5147,-1.1972,-1.9405,0.296,-0.9957,-0.0418,-2.6578,0.0887,-0.6921,-0.6253,0.8705,-0.1223,0.2991,0.0535,0.4812,-0.7916,-0.0116,-0.2332,0.7089,-0.5765,0.7533,0.5284,179.33,0
92083,0.7018,0.2599,0.0834,0.861,1.314,0.7764,0.3351,-0.3617,0.6006,1.0888,1.4242,0.3408,-1.0627,0.5629,-0.1786,0.0965,-0.2082,0.0401,-0.5276,1.188,-0.1993,0.4074,-1.5282,0.112,0.3205,1.1272,0.5588,-1.3745,84.15,0
78517,-0.6993,0.8101,-1.9385,0.0371,0.4431,-1.8638,-0.8024,-0.1838,3.1928,0.9829,-0.5842,0.4132,-0.0196,-0.4388,0.2489,-0.3703,-0.1937,0.319,0.359,-1.0774,0.446,1.7254,-0.4916,-0.6906,0.3553,-1.0041,-0.6473,-0.166,201.75,0
163830,-1.4853,-0.1439,-1.9715,-0.6073,-0.8368,-0.8672,0.4566,1.0838,-0.9907,-1.5786,0.7308,-0.2995,-1.1779,-1.3867,1.3111,-1.74,1.4766,-0.643,0.6224,0.2459,-0.721,0.1732,-0.0382,-1.7028,0.5729,-0.8532,1.4045,-1.6937,317.33,0
108118,-0.0874,0.8179,0.8118,1.2896,0.0642,0.7354,0.1394,0.1917,0.2512,-0.825,-3.0672,0.2825,-1.9173,1.0226,0.2371,0.762,1.7363,0.3215,-0.2196,1.2458,-0.1811,-0.2313,-0.3005,-1.72,2.0025,0.7256,-0.3288,0.7743,32.73,0
106694,1.1894,-0.9016,0.7573,-0.6616,1.0287,-1.6253,0.114,1.296,-0.5071,-0.0008,-0.6765,-1.1311,0.1918,-1.2055,-0.4348,0.0097,-1.3947,-1.0109,-0.7332,1.7418,-0.145,-1.8048,-0.0889,-2.3397,0.0949,0.4657,0.1792,0.7809,204.78,0
154528,1.1594,0.425,-0.1524,-0.4653,-1.0884,-0.3217,0.0185,0.8065,0.1196,-0.5466,-0.946,0.1485,-0.5147,1.3449,0.2204,-0.1493,-0.1186,-1.7872,2.1031,0.7523,-0.3612,-0.673,-1.0689,0.946,-0.6598,-2.0577,-0.4896,-1.1364,118.95,0
115973,-1.6766,1.4143,-2.1613,1.7209,-0.0151,0.4347,0.3232,-0.6576,0.5178,2.0374,1.22,-0.7123,1.2399,-1.1721,-0.2183,0.1458,1.2437,-1.3852,1.0507,-0.4122,-1.6385,0.9975,-0.4164,-2.0035,0.7967,-1.6865,-0.3779,-1.1265,176.58,0
157841,-0.1639,-1.249,-0.715,1.3656,0.1077,-1.4281,0.4378,0.99,-0.0496,-0.0608,0.2635,0.8123,-0.4307,-0.2222,0.0039,1.5813,0.1598,-1.4386,0.9186,0.9793,-2.0019,1.2649,-1.9398,0.6103,0.4125,0.4592,-0.743,-0.4916,141.62,0
22124,-0.5444,0.3243,1.7166,-1.6868,0.5329,-0.4738,2.1458,-0.7255,-0.8456,-1.1204,2.2535,-1.4936,0.4964,1.4731,0.4947,0.8834,-0.7001,0.3354,0.8118,0.5085,0.4725,-0.1626,-0.2096,-1.0481,0.9636,-0.5298,-0.2319,-0.4455,357.07,0
49950,1.7281,-0.6093,-0.1684,1.648,-0.7839,0.7172,0.1877,0.6711,0.723,-1.4393,0.2345,0.5855,0.0637,-0.2331,0.7246,-0.1095,-0.72,0.2291,-1.2521,-0.7184,0.9656,0.5771,1.8712,-1.9568,-0.5525,0.4145,-0.7804,0.7013,299.0,0
19151,0.2875,0.1961,-0.364,0.6347,2.8369,-1.845,2.4267,-0.9728,-1.3545,-0.9613,0.7339,0.2158,-0.62,-0.5797,-0.7596,0.5915,1.2549,-0.2553,-0.6793,-0.3762,-2.3076,-0.0543,0.3829,-0.3692,-0.5047,1.1212,0.3134,0.3877,23.04,0
33520,-2.6928,0.0134,-0.1831,0.9279,-1.9541,0.9183,-0.156,1.8748,1.0807,-0.5361,-0.5523,0.2358,-0.0958,-1.1587,1.2115,-0.3932,1.259,-0.6631,-0.6017,0.2383,0.599,0.2138,-0.5872,0.1111,-0.4861,0.1018,0.9243,-0.7153,221.32,0
147024,-1.1605,0.1082,1.1375,-1.655,0.3161,0.3108,0.4268,-0.4651,0.5855,1.0386,-0.3004,2.0834,-1.1364,-0.6786,1.2026,-0.2167,-0.9369,-0.4465,1.5146,0.7939,-0.9264,-1.8733,1.4922,0.2456,-0.4226,-0.9076,-2.0724,-1.3214,418.65,0
40311,1.0923,0.2004,-0.3003,-1.1032,-0.5482,-0.5718,-0.4884,-0.7488,1.343,0.3796,-2.3225,0.7049,2.1789,-0.0024,0.1533,-0.5035,1.1747,-1.3618,-0.3678,1.7508,-0.049,-1.2578,-0.3528,-0.2642,-0.024,0.7406,0.132,-1.0003,11.24,0
54584,0.9044,1.4851,-0.3639,1.6312,-0.2874,-0.4176,-1.0624,0.0612,0.2988,-0.8082,-0.2108,-0.4869,-0.9562,-1.6291,-1.1562,-0.0921,0.8553,-0.7501,-0.9676,-0.4048,0.0744,-1.8238,-0.8054,-0.7,-0.2568,0.1288,-0.6083,0.9357,112.89,0
40650,1.1098,-0.5166,-0.252,-0.3345,-0.3981,0.0806,0.269,-0.8013,1.5111,-0.1506,-0.2355,0.7185,-1.1652,0.5687,-2.1191,-0.7032,-1.1913,-0.1006,-0.9551,0.581,-0.3395,-1.7989,-0.8165,1.0464,0.0212,-0.1799,-0.0664,-1.1129,393.3,0
103011,0.9959,0.2911,-0.2454,-0.8327,-0.2727,-1.6607,-1.7272,0.5618,-1.2145,1.8788,0.2535,-0.6402,2.5023,1.3394,-0.0875,1.4935,-0.1739,0.0768,-0.1293,0.1004,-0.6195,-0.9215,-1.2116,0.8224,-0.0581,-1.6079,-0.5965,1.7317,308.76,0
103546,0.1442,-0.4033,0.43,0.4884,0.6215,-1.4126,0.0882,0.2158,-0.5561,0.0663,0.0992,1.9188,0.7818,-0.9673,1.4691,0.8825,0.6251,0.8398,1.6051,1.4414,-0.0765,-1.0829,-0.1982,0.0187,-0.7083,0.2325,-0.5228,1.8067,196.47,0
87516,1.4092,0.0698,-0.6408,-2.7135,0.9492,-1.3307,-1.0477,-0.7201,-0.293,1.1185,-1.3322,0.1166,-1.152,-0.9714,0.4707,-1.0568,-0.2728,-1.1952,-0.7687,0.4101,1.9476,0.8212,-0.9824,0.5633,-2.3636,0.0774,-0.8833,1.2693,11.38,0
75500,-0.1676,-1.113,-1.1015,0.4513,-1.2952,-0.7955,1.7276,-0.9254,-0.2439,-1.0975,1.1897,-1.0734,-0.8018,0.6602,1.3558,-0.5251,-0.7222,0.8701,0.5847,-0.108,0.4069,1.4769,0.9841,0.592,0.2703,0.5166,-1.774,0.0872,471.58,0
129427,-0.2268,0.647,0.183,0.0557,0.6888,-0.6395,1.0191,1.5752,0.2009,-0.1569,0.9775,0.4133,-0.375,-0.3415,0.1251,0.762,-0.5036,0.79,1.9625,0.5927,-0.0628,0.5691,-0.4421,-1.1195,-0.7587,-1.3695,0.9612,-0.4774,229.11,0
29079,1.7225,-0.2766,-1.5262,-1.257,1.0313,0.7679,-0.604,-0.0277,0.4999,0.4581,-1.0418,1.2333,-0.4403,-1.6361,-2.0218,0.0204,0.538,0.7841,0.2157,-0.4647,0.787,2.5238,0.0139,-0.1141,0.5756,-0.9759,-0.1403,0.5967,133.74,0
108792,-0.9473,1.1357,0.9699,1.3638,-0.6344,0.3399,0.3301,-0.9787,-0.933,0.5978,1.0673,-1.4236,-0.1588,0.1877,0.0863,0.1121,0.8301,-2.2501,0.7491,0.4416,0.5953,-0.0678,1.5632,0.6356,-0.7661,-1.2102,0.2824,-0.1984,316.17,0
136256,1.0273,-0.1782,1.1703,-1.0216,1.1203,-1.141,-0.3579,0.8459,0.9987,-1.9005,-0.4334,-0.3604,-1.1831,0.8156,1.0645,-0.9083,-0.796,-0.7306,-1.0298,1.5101,-1.0267,-1.3902,0.3077,-0.2854,-0.9669,-0.2317,-0.4,-2.0195,260.71,0
141764,-0.0934,0.4314,-1.1502,-0.388,0.0261,-0.59,1.7574,0.3112,-0.6212,-0.4081,0.2435,-1.5918,0.4822,-0.0396,0.8985,0.3554,-0.6533,-0.6698,1.3861,0.4287,0.5957,0.5938,-0.0906,-1.095,1.7989,-0.1934,1.2883,-0.0892,447.28,0
164559,-0.9767,-1.6638,0.0855,0.8389,-0.9161,-1.5926,-0.4928,-0.2424,-1.1757,1.137,0.9515,0.7402,0.6132,1.6245,-0.5399,0.1594,-0.9203,0.4639,0.8801,0.5761,0.4758,0.5071,1.3258,0.7081,-1.048,0.7341,0.3652,-1.9946,292.57,0
166844,-0.9547,0.4984,1.0525,-0.4869,1.8372,-0.3115,0.3213,0.4107,-0.1272,-0.5108,-0.5623,-1.914,0.5098,0.4672,-1.6336,0.2761,0.9015,-0.3305,1.295,-0.4044,-0.4262,0.2757,-0.2581,-0.125,0.5501,0.7912,0.8488,-0.0479,243.48,0
37452,0.8369,1.0397,2.0215,0.6379,0.5343,-0.4474,0.4875,-1.0509,0.6657,0.6437,0.7138,-0.756,-1.1579,-0.5723,1.4125,-1.0224,-1.5764,0.2474,-1.3341,-1.0444,-1.1112,-0.0333,-1.0383,0.3379,0.5922,-0.6603,0.455,-1.4061,205.4,0
61032,0.737,-0.5337,1.4287,0.4231,-0.7551,0.2821,0.511,0.3177,1.3933,0.2189,0.1163,-0.8516,-0.8796,-1.1364,2.1437,1.2705,-1.6258,-0.4375,1.1711,-0.322,0.0041,-1.1819,1.4553,0.1715,-2.5102,-0.5093,-0.106,0.6705,415.02,0
151926,-1.7034,0.6226,-0.7937,-0.6306,1.9112,0.555,1.0605,0.1561,-1.7053,1.0095,-0.3168,0.703,0.3438,0.3017,0.2743,0.4856,-0.0151,0.4331,-0.3573,0.9583,0.6713,1.2065,-0.1069,0.2089,0.9278,0.3573,-0.4396,0.9336,162.78,0
98438,2.0008,-0.7693,0.7012,0.237,-0.6023,-0.4205,-1.1832,-0.0642,0.7524,-0.2478,-0.5284,1.154,0.222,0.0968,-1.4791,-1.6471,1.2622,0.1484,-0.3965,-0.2385,0.1183,-1.4473,0.9132,0.9197,-1.8249,0.6443,-1.7477,-0.0047,72.04,0
141673,1.7381,-0.1609,-1.0209,-0.2453,0.9312,-0.5788,1.1179,0.007,0.3952,-0.7257,0.0325,-0.0058,1.0486,-0.4655,-1.5624,-1.1035,-0.679,0.6364,-0.8946,-0.9795,-0.3045,-0.0198,-0.0874,-1.2839,-0.3138,0.9527,0.3927,0.3829,278.68,0
73258,0.4965,-0.4765,-1.799,-0.0545,1.7982,-1.6069,-1.8433,-2.0954,-0.2095,-0.7706,-0.4614,-0.7505,0.619,2.4505,-1.0483,1.9515,1.5083,1.6834,-0.0718,-0.0585,0.6163,0.0371,-1.4503,-0.5303,-0.9965,0.0691,1.7859,0.9986,325.98,0
141203,1.8535,0.365,-0.7063,-1.3161,-1.1037,1.4604,0.4403,-0.8321,0.755,1.5335,-0.0425,-0.123,-2.2822,0.545,-0.6652,0.2415,0.8062,0.1007,0.8287,-0.4461,1.1643,0.7385,-0.5217,1.5027,0.1152,1.1612,-0.5292,0.6157,452.35,0
158866,0.168,0.639,0.434,-0.9057,0.8878,-0.9464,-1.266,0.0477,-0.6931,-1.0898,-0.5319,-1.1758,0.4804,0.2092,0.7115,0.3082,-0.6511,-0.3059,-1.7278,-0.2523,0.5379,1.4061,1.5348,-0.0777,-0.7474,-0.1569,-1.0225,-0.4057,469.01,0
168025,-0.6732,-1.2832,0.5363,-0.7018,0.571,-0.8477,0.8721,0.8368,-1.2064,0.0336,1.5391,0.4311,2.1419,0.6511,-0.8539,-0.1763,-0.7023,0.5673,1.3244,-1.2422,0.7138,-0.0437,-0.9328,-2.3365,0.5742,-0.3299,-0.172,0.3166,313.02,0
7306,-1.8025,0.2281,-1.1725,-0.7705,-0.3836,0.6552,0.5749,0.4626,-0.1807,0.2816,-0.8914,1.5383,1.6215,-0.6006,-1.2421,-1.1601,-0.928,-0.9321,0.304,0.1811,0.848,0.1803,0.2112,-0.2998,1.5603,1.6109,-0.7913,0.3023,313.47,0
17246,0.2718,0.2023,1.8438,0.6274,-1.1299,0.8028,-1.6958,1.0597,0.3263,-1.3601,-1.0696,0.3224,-1.2519,0.6074,1.1669,0.8622,-0.1032,-0.2049,-1.3236,-0.1437,0.1224,0.0987,-0.3064,-1.3052,1.1699,-1.8237,0.8381,0.8485,178.34,0
126195,-0.1722,-1.0708,0.0768,1.7842,0.8026,0.3206,-2.3316,0.9943,0.0237,-0.8631,1.2982,-1.1413,0.5163,0.6868,-0.5287,0.8005,1.3272,0.0675,-0.1496,-0.3093,-1.897,-0.0848,0.6609,-0.8123,0.2249,0.6298,1.4721,-0.9538,171.43,0
124708,-0.9633,-2.6643,-0.7264,-0.5261,-2.263,-1.2148,-0.7765,-0.6942,0.5764,0.9376,0.0716,-0.2848,0.0164,0.0845,0.122,0.7131,-0.5262,-0.5191,-0.2388,-2.4578,-0.8045,1.4309,0.1768,0.6132,0.9475,-0.0603,0.2209,0.1103,58.48,0
76172,-1.3148,0.5167,0.8061,-0.4925,0.6584,-0.103,-0.1495,0.6869,-0.0466,0.6171,0.4322,-0.6147,0.2072,0.5869,-0.0342,0.4607,0.2661,-0.4738,-1.1705,-1.7193,-0.3622,0.5838,-0.9245,0.261,-0.4263,0.4407,-1.7658,-0.3016,311.98,0
113696,0.2655,-0.2544,1.3984,1.7896,0.1816,-0.6266,-0.6983,0.6708,-2.2265,-1.608,0.0105,0.3074,-0.4829,-0.4313,-1.7219,-0.3902,-0.1551,0.2922,0.5741,-1.9481,1.5649,-2.1117,0.5164,-0.4504,0.9836,0.5521,-0.1894,-0.3135,254.8,0
169101,0.0069,-0.9683,-0.6236,-0.0744,-0.2851,-1.1873,-2.4834,0.2616,-1.3014,0.2166,-1.1434,-1.3491,-0.4015,-0.5506,0.8663,-0.6729,0.0688,0.699,-0.867,0.4416,1.0584,1.6049,-0.012,0.4207,0.0085,-0.8362,-0.7183,-0.0853,21.53,0
134286,-0.7631,-0.7268,-1.0043,0.2076,0.2932,-0.8225,-0.465,0.4238,0.1464,1.4324,-0.2626,0.3211,0.659,-1.0019,-1.0878,-1.3781,0.4076,-0.2025,0.2518,0.1211,0.2033,0.6298,-0.4055,0.7461,0.6074,-1.39,-0.2395,1.5455,499.0,0
142377,0.1116,-0.0685,-0.5686,1.7698,0.2102,-0.9951,-1.0929,0.7351,-0.6334,-0.936,-1.687,-0.1343,0.5954,0.8117,0.2403,1.6456,-1.1889,0.1926,0.3773,-1.6408,-0.1912,-1.0959,0.2256,-0.8368,0.6528,1.5857,-0.2204,-0.6495,225.54,0
146393,0.5372,0.1028,0.5991,-0.6086,-0.0901,-1.1736,-0.5072,-0.7866,0.1616,1.0408,0.028,-1.6963,-0.3081,-0.7857,-1.1064,-0.6728,0.5362,0.11,3.1796,-0.4578,-1.6298,-0.7444,1.119,-0.6737,-0.7585,0.6204,0.3442,-0.115,193.83,0
124460,1.0074,0.819,-2.0243,0.6362,0.3911,0.2595,-0.2413,-0.0833,-0.4329,-1.0742,0.147,0.3499,0.7951,-0.1883,0.1561,1.4597,0.3113,0.1464,-0.6099,-0.0713,0.6542,-0.7938,0.2672,0.4042,-1.1109,-0.259,2.2624,1.0432,432.98,0
34060,0.5912,-0.626,0.6118,-1.346,0.7095,1.0993,-0.2492,0.6258,-0.2297,-1.0843,0.9181,2.9321,-1.7584,0.6239,-0.5954,-0.4609,-0.6173,1.1416,-1.1128,0.0633,0.424,0.1063,-1.3593,-1.7822,-1.0987,1.5784,0.2619,-0.961,411.89,0
45908,-0.5417,0.3201,-0.7857,-0.7171,-1.0984,0.9725,-0.1424,-0.4249,-0.0948,-0.2834,0.4411,-0.3863,0.9191,-0.8357,-0.1859,-0.3219,-0.3168,-2.1331,0.8647,-0.5584,0.0379,-0.507,-1.139,1.2324,-1.7382,-0.048,-0.507,0.3213,104.48,0
11700,-0.3789,0.0918,-0.5689,-1.5642,-1.215,1.1244,0.62,-0.7913,0.4925,0.0333,0.7722,-0.4428,-0.0096,-1.1516,1.1468,0.5242,0.1185,2.445,1.179,1.4298,0.3328,-0.5132,0.4573,0.0521,-0.3387,1.1896,-0.311,0.2545,382.03,0
71631,0.5366,0.7737,0.055,0.259,-0.3167,-0.622,-0.625,-1.7976,0.5396,-1.3258,-0.4467,-2.0849,-0.6637,0.5447,0.0915,0.0313,0.2396,-1.6903,0.8737,-0.419,0.0315,0.4367,-2.6548,1.4231,-0.34,0.5578,-0.3442,-0.6164,441.26,0
44009,-0.0488,-0.296,-1.8332,-0.1443,-0.6191,1.2601,-1.6536,-1.6468,-0.8353,0.6474,0.0522,0.4702,-0.0773,0.1557,-0.0881,-0.1279,0.1634,0.6859,-0.4416,-0.6765,-0.2134,-0.2105,0.7739,-0.6783,0.1295,-1.1695,1.5762,-0.0945,395.84,0
149213,1.1974,2.2262,-2.2855,-1.6576,-0.4982,-1.4204,1.5152,-0.2658,-0.7003,1.2358,0.6525,-0.5828,0.6833,-0.9215,-0.6979,1.1784,-0.8449,-0.4999,-0.4615,-0.5622,-2.5454,-1.5592,0.151,1.376,0.685,-0.5192,-0.1277,-1.6778,310.26,0
15708,0.763,0.8939,0.2883,0.927,-0.4627,-0.5742,-0.462,-2.954,-1.9218,0.7093,0.5811,0.653,0.0654,-0.2767,0.2687,-0.9999,0.6398,-1.5387,0.2137,1.6107,-0.3735,0.5669,2.107,0.7448,1.7934,-0.1312,-0.2349,-0.6693,436.48,0
136700,-0.4702,0.9731,2.018,0.0767,0.5917,0.2783,-0.367,-0.4129,0.1245,0.4207,-1.5758,-1.0369,0.6679,-0.3051,1.4169,0.7578,-0.6024,1.4816,0.0199,0.6228,0.0053,0.8197,-1.3465,0.4537,-0.2387,1.7271,2.3498,1.2921,199.72,0
43978,-1.0305,0.1918,-0.8239,-0.6763,1.3823,2.0584,-1.6834,0.1912,-0.3743,0.1837,0.7032,-0.4685,-1.2343,-0.2938,0.4404,0.8738,-0.2805,0.7664,-1.0589,-0.4358,-0.7912,1.3724,0.7448,2.0982,1.9883,0.0522,-0.1191,-0.961,202.87,0
109004,2.4698,-0.9728,-0.8104,0.8295,-0.8424,-1.0321,-0.2365,0.1526,0.8686,-0.4662,-0.6021,-0.2633,-0.7071,0.2992,1.3678,-0.8313,-1.156,-0.0699,-0.582,-1.4303,-1.3326,-1.8563,-0.067,-0.742,1.7887,0.394,-1.0218,-1.1012,349.04,0
169170,0.8162,1.0926,0.5304,-0.1937,0.0213,1.314,-0.3097,-0.5061,0.3269,0.2946,-0.2353,-0.9564,-0.7369,-2.6015,1.9205,1.0613,0.4285,-0.4231,-1.3752,0.6805,-1.2344,-0.005,1.0054,-0.868,-0.1684,-1.6625,1.7939,-0.9237,55.53,0
150106,0.1534,-0.906,1.0375,1.2985,0.9116,-0.4288,-1.0524,2.7536,0.0228,-0.0514,1.3976,0.656,-1.4401,-0.2277,-0.0651,-0.6082,-1.101,1.1058,0.2033,0.6003,1.0377,-0.3481,0.2522,-0.5892,0.5921,0.2301,0.0446,-0.7736,451.23,0
107162,-2.0583,0.804,1.1006,0.9012,0.3712,0.2035,0.2582,0.2572,0.7189,0.1356,-1.6835,0.1571,0.7852,0.047,1.4214,-0.4109,0.0713,-0.2836,0.429,1.7188,-0.8604,0.8532,0.7639,-0.1856,-1.6753,0.1485,-0.718,-0.5524,341.25,0
89935,1.8425,-0.0064,1.3786,-0.5359,-0.248,0.2375,-0.5534,0.7039,0.8932,0.6505,-0.5129,-1.5233,0.4168,-0.3539,-1.6168,-1.2046,-0.2854,1.5237,0.381,-0.8797,-1.0795,-0.9929,-1.0199,0.1602,1.1125,2.7066,1.7654,-0.4824,9.3,0
94425,1.8505,-1.8873,-0.134,-1.4993,0.1187,1.1451,-0.1205,-1.7734,-1.3704,1.9283,1.0611,-0.4088,-0.8445,-1.3005,0.7959,0.5817,-1.2333,-0.9839,1.398,-1.4914,0.3451,-1.5502,1.1506,0.2326,1.614,0.9833,2.9521,-0.0686,233.93,0
116991,1.1018,-0.3197,-0.7226,-0.1888,1.1517,2.1085,-0.1462,-0.4489,0.2433,-0.0102,0.8021,-0.3836,-0.6034,0.5422,-0.285,-1.4531,1.4216,-0.4471,-1.1461,-1.9513,-0.7776,-0.8659,0.2539,-0.8631,0.2146,1.2922,0.3246,-0.1684,172.27,0
100047,-0.9955,-1.4436,1.0478,-0.2256,0.0808,0.7702,-0.1237,0.47,-0.7194,1.1298,0.9041,2.2085,-0.4684,-0.2307,-0.3793,0.9016,-0.0708,-0.8599,-0.5478,-0.3479,-0.8011,0.6786,0.2383,-1.7713,0.4755,-0.2096,-0.6895,-1.1452,54.19,0
2408,-1.0791,-0.2648,1.4701,1.8879,0.6133,-1.0048,-1.3044,0.372,0.9005,1.1741,0.4935,-1.4779,-0.699,-0.5004,0.5124,-0.0312,1.5655,-0.031,-1.861,0.2555,-1.5599,0.0488,-2.014,1.9712,-0.936,1.6257,0.3979,1.5748,405.4,0
13779,1.5322,-0.8031,1.0024,-1.2628,-0.5578,1.7504,0.5019,-0.3081,0.9889,0.1348,-1.0007,0.5304,-0.5771,0.8124,1.4496,0.7025,-0.4574,2.2182,-0.3811,-1.2012,0.7238,0.5075,0.514,-1.9374,2.2016,0.7789,-0.486,1.3748,289.0,0
115837,-0.2763,-0.7821,0.4306,0.5538,-0.0166,-1.6304,1.6064,0.0923,-1.339,-0.6895,0.5637,-0.0409,1.0047,-0.3237,1.2427,-1.9138,2.2264,1.5346,0.1405,0.2968,1.4381,-0.1791,-2.2024,-1.4644,-0.7104,-0.7282,0.7255,0.1574,244.82,0
156278,1.3956,-0.4097,-1.0874,1.0824,0.4119,-1.4069,0.3469,-1.9706,-0.4703,-0.65,-0.5468,-0.7853,0.3028,0.2843,-1.4832,0.1006,-0.2154,-0.0132,-1.1692,-0.5772,-0.2456,1.6357,0.1739,-0.6077,-1.4313,0.1426,-1.1903,0.5271,50.62,0
16645,-0.4493,-1.9396,-0.9914,-0.2381,-0.3047,-0.953,0.7195,-1.5945,-0.357,-0.0683,0.6478,-1.0625,0.6087,-1.3187,0.015,-0.6818,-0.2714,-0.4194,0.9975,-1.1753,1.0883,0.0364,-0.1111,0.2598,-1.2954,-0.6609,0.656,0.4038,376.78,0
22180,1.1784,-0.1494,-0.8207,0.9481,-2.134,1.1204,0.8456,0.0005,1.1422,-0.4014,0.3003,-1.4361,-1.2341,0.445,-0.4112,-1.1445,0.9281,-0.0817,-0.6666,-0.1632,1.5044,1.0788,0.0523,0.6434,-0.581,1.7993,1.3094,-0.3589,108.8,0
94126,-0.8305,4.7769,-3.3444,1.7838,-0.2912,4.3359,1.7153,2.8317,4.2383,-1.5337,1.5518,-0.6122,1.2111,4.0508,-0.5166,4.2169,-2.8976,-3.7634,-3.992,-1.6872,-1.7913,-0.1288,1.1373,-2.3564,0.6886,-2.846,2.2048,-0.5071,1715.56,1
139321,2.9147,2.4109,3.9262,1.7272,-1.7592,2.0514,-0.8803,5.9826,0.0641,0.4175,-5.6607,5.5094,-1.0217,0.9761,1.6652,-0.8401,-0.3485,-2.5432,1.508,-3.1357,-4.5813,-0.8429,2.5197,-2.8436,-4.9882,-3.9946,3.4677,6.3784,2253.03,1
90485,1.5584,-4.2378,0.916,-3.688,2.2463,-2.0564,-1.9432,-1.2731,-1.8377,-4.371,-0.9133,-1.3916,-2.1564,-0.9746,3.7334,-2.1003,-3.5641,3.7882,-1.3611,-2.8103,-3.1126,0.8455,-2.0511,2.6787,-1.6987,7.2114,-4.7366,-0.6164,4657.15,1
59969,-2.0141,5.5739,2.899,-0.9935,-0.5008,1.204,4.2616,2.3246,1.6952,-0.6119,4.6298,1.7465,-3.2954,-1.1668,5.4066,-5.4507,-3.1763,1.6441,-0.4127,-3.4042,-10.5104,-0.9943,3.5405,-3.0016,-3.4412,2.3237,4.2077,-2.6376,3713.72,1
140070,-0.0047,-2.245,-0.5094,-7.347,2.7497,-5.5366,-4.0484,-0.7226,-6.0572,-4.8449,-2.8319,-5.517,-2.119,-0.3154,5.1102,2.6087,-7.3781,-0.6359,-2.5904,1.3669,-1.0287,1.0511,1.9506,-1.1695,-4.9624,-1.2449,1.8671,1.7068,1820.95,1
55853,4.2368,0.0595,-5.3324,4.2107,6.8463,-3.2685,-6.318,-0.6184,5.8213,-2.5011,0.5982,-0.8415,3.3299,0.1233,-0.4273,1.363,-2.8164,3.8908,-0.3269,0.2311,-1.8052,0.8383,-6.3102,-1.1667,-5.6151,3.528,5.1343,0.2231,1625.61,1
123390,-2.0027,1.5462,-1.713,0.828,0.5428,-1.3329,-5.3151,2.1597,1.4746,2.384,-2.5903,1.1411,1.3707,-1.4502,0.3188,0.7987,-3.9041,3.0462,1.4412,-1.0334,1.0797,3.2528,-1.1974,-2.0317,-3.3353,1.8038,1.4624,-4.5181,1961.99,1
104825,-6.8027,-0.0794,1.6433,-2.4825,1.106,0.9119,1.7291,0.2312,-5.1235,-0.0,0.3827,4.5021,-4.4941,6.8753,-0.2526,-3.1924,-0.8494,3.3549,0.1549,-2.2584,2.0642,2.9369,0.0171,5.1186,6.3353,-7.2623,0.0924,5.5605,1392.86,1
27017,-1.0709,-3.3785,3.9351,8.5271,-3.5764,-2.3076,0.2064,1.5848,8.8803,2.1832,2.8539,-1.3627,-0.9746,-0.8753,2.9125,0.9657,-1.4757,3.985,0.3162,2.6973,-3.5521,0.467,-1.5806,-2.0081,-0.2937,2.4168,-1.8511,2.5137,1939.28,1
12466,0.0408,0.0893,-1.4101,-2.2354,-0.5354,2.3729,-2.4982,-1.9763,-0.0496,3.4876,-0.737,1.2591,-2.2169,-3.9702,0.2033,-1.5722,-3.5003,4.2005,-0.1776,-3.9962,-1.7513,-1.3534,-0.6452,3.9224,1.2144,0.7413,-2.7953,-2.9602,684.68,1
171535,0.8073,-1.7907,-1.2886,0.4569,3.8923,-1.4899,-1.0811,3.2252,0.2556,-3.6962,0.8927,1.2903,-4.1199,2.3255,3.9335,-3.1886,2.1835,-3.1661,-1.6445,2.3449,-1.0274,-1.0922,-3.1713,1.3458,-7.322,-1.1014,0.4607,-1.7537,1733.67,1
33799,-1.8477,7.2615,7.462,2.9975,2.0211,5.1228,-3.6976,0.1156,-1.1802,-0.1003,-3.3093,1.3648,-2.7569,-1.1419,-1.5965,-1.2744,3.9068,0.0884,-0.3351,-0.2189,3.2419,-1.5598,-4.7893,-0.1149,-0.3256,5.8602,-0.6814,2.2724,1035.97,1
58701,2.1228,0.6256,1.6478,0.4131,5.1119,-4.5871,-0.6793,5.2615,-1.4205,-1.7711,1.6514,-3.3227,2.7719,0.0244,-2.2734,-1.7671,4.0635,2.3431,-4.5725,-1.4627,-3.4598,2.2466,-0.4656,0.919,2.2503,-5.1186,1.4916,7.6312,1295.31,1
4099,-8.0981,-1.9382,0.9204,-5.1429,3.8954,3.0785,-3.2224,2.9514,2.9134,-3.1015,-5.2475,-1.7371,0.4354,2.3336,-4.7463,-2.6743,0.0318,-1.7448,0.5534,4.7975,-4.3875,4.753,1.5792,1.0543,2.3718,5.4836,1.3057,3.2301,3782.66,1
169755,-0.517,2.533,4.1564,-3.6527,-0.7421,-1.7873,1.9618,2.4812,-4.147,1.2041,-3.9402,2.769,3.2513,3.7967,1.3714,0.1018,-1.0805,0.9648,5.632,0.4807,1.4648,-0.6374,0.2985,-2.349,3.7608,-1.5275,0.1085,-0.3977,4062.47,1
142179,-0.2373,-2.7165,-0.5328,-1.9455,-3.8302,0.4735,-1.6821,0.6136,-0.8541,1.5138,4.3235,1.5835,-1.0701,-1.1041,0.6338,-1.2454,-1.0395,3.4375,0.8579,-1.4203,0.5631,-0.3467,-1.5196,0.7488,-1.2026,-1.7783,2.1426,-2.0377,4479.01,1
29467,-9.1711,0.4717,1.1972,7.415,-0.2373,1.1714,-1.4244,2.4532,1.1242,-0.5755,1.6539,0.4619,-2.4412,1.1746,1.3198,2.8682,3.5804,-2.8457,-1.7475,-1.7422,1.6912,-1.6827,-2.8794,0.0136,-0.6317,6.5077,1.5933,-5.0453,4377.71,1
38965,0.2934,-1.6635,1.9551,2.6136,2.3818,-7.8561,0.5809,-1.3506,-4.3388,2.1271,1.6286,2.0906,3.5655,3.681,-2.105,2.7997,-8.0013,0.9451,-3.4257,-2.5467,4.6535,5.4989,2.5985,-1.3946,-3.5542,-1.1385,-3.7148,0.1728,1535.52,1
21919,-2.7428,-1.5296,-4.0723,-2.1685,-0.0504,-4.675,0.0211,0.2263,0.5577,-0.0214,-7.0413,-2.705,0.9243,-0.5013,-3.4079,4.7313,3.7143,-4.1197,-0.4639,1.6082,4.8452,-6.385,1.9097,-1.1628,0.4778,-0.898,4.9727,5.8447,3667.83,1
98949,-0.4913,-4.6042,-0.8905,0.4558,3.1138,2.4471,-3.985,0.5844,0.9224,1.4173,1.4199,1.7446,5.6402,0.4431,-4.4215,2.5591,-1.6187,0.3113,-7.2048,-1.2551,-4.72,0.8947,-4.052,1.4884,1.4521,0.1208,4.0005,1.5839,3218.78,1
